Date,Infected,Predicted_gru_1,Predicted_gru_2,Predicted_gru_3,Predicted_lstm_1,Predicted_lstm_2,Predicted_lstm_3
2020-01-31,0,0,0,0,0,1,1
2020-02-01,0,5,2,5,3,2,3
2020-02-02,0,0,0,0,0,1,0
2020-02-03,0,1,2,3,0,1,1
2020-02-04,1,0,1,0,0,1,1
2020-02-05,2,0,1,0,0,1,0
2020-02-06,0,1,1,1,0,0,0
2020-02-07,0,2,2,1,1,0,0
2020-02-08,0,0,1,0,0,0,1
2020-02-09,0,2,1,1,0,0,0
2020-02-10,0,1,0,1,0,0,0
2020-02-11,1,0,0,0,0,0,0
2020-02-12,1,0,0,0,0,0,0
2020-02-13,3,0,1,1,0,0,0
2020-02-14,5,0,0,1,0,0,1
2020-02-15,4,2,2,2,2,1,2
2020-02-16,1,4,2,4,4,2,3
2020-02-17,6,4,2,2,2,2,2
2020-02-18,8,3,2,2,2,1,1
2020-02-19,9,6,2,4,3,2,2
2020-02-20,8,7,3,8,6,4,6
2020-02-21,13,7,5,8,6,6,6
2020-02-22,23,7,5,7,5,5,4
2020-02-23,10,13,7,14,8,7,6
2020-02-24,16,15,11,23,19,12,16
2020-02-25,8,2,9,3,7,9,9
2020-02-26,22,19,16,20,10,11,8
2020-02-27,24,1,9,5,9,12,11
2020-02-28,19,24,20,27,16,13,13
2020-02-29,9,20,17,20,19,15,16
2020-03-01,14,17,17,19,13,17,14
2020-03-02,14,9,13,13,10,12,11
2020-03-03,22,17,13,16,12,14,14
2020-03-04,34,13,15,17,14,15,15
2020-03-05,33,23,22,23,17,14,16
2020-03-06,54,31,23,33,32,22,30
2020-03-07,44,31,24,25,25,25,24
2020-03-08,35,54,37,52,43,35,39
2020-03-09,27,46,31,32,31,32,32
2020-03-10,60,43,30,33,29,26,25
2020-03-11,52,32,26,17,28,28,24
2020-03-12,55,64,30,62,43,35,41
2020-03-13,34,38,32,42,47,38,44
2020-03-14,62,52,41,59,40,44,40
2020-03-15,29,32,35,36,30,37,35
2020-03-16,16,77,40,63,38,38,42
2020-03-17,45,25,29,25,37,38,39
2020-03-18,39,49,38,45,46,40,43
2020-03-19,39,36,44,50,49,37,40
2020-03-20,52,40,47,33,46,33,35
2020-03-21,35,39,41,36,43,31,33
2020-03-22,45,53,53,54,50,40,42
2020-03-23,39,29,37,23,40,42,29
2020-03-24,89,40,43,42,43,37,32
2020-03-25,93,30,33,31,37,35,28
2020-03-26,93,81,58,100,84,58,83
2020-03-27,96,85,50,78,74,67,68
2020-03-28,222,101,53,85,65,63,63
2020-03-29,151,100,62,78,65,60,57
2020-03-30,80,163,150,211,207,119,161
2020-03-31,227,82,122,65,94,111,123
2020-04-01,257,113,129,126,109,111,96
2020-04-02,281,246,179,214,140,129,130
2020-04-03,353,249,159,254,212,157,205
2020-04-04,365,273,193,282,208,205,203
2020-04-05,346,321,237,355,249,253,220
2020-04-06,248,322,234,305,235,241,215
2020-04-07,365,283,245,273,226,209,190
2020-04-08,522,220,200,175,211,215,172
2020-04-09,574,422,253,396,248,227,204
2020-04-10,640,497,404,475,444,339,363
2020-04-11,644,476,419,521,444,433,434
2020-04-12,486,642,451,609,429,475,464
2020-04-13,387,630,481,548,433,434,421
2020-04-14,446,515,413,345,372,347,344
2020-04-15,552,508,426,455,422,420,362
2020-04-16,558,510,513,574,497,454,463
2020-04-17,572,494,588,502,550,437,486
2020-04-18,577,438,564,501,570,415,498
2020-04-19,377,473,506,522,527,474,507
2020-04-20,346,497,474,521,481,512,507
2020-04-21,389,457,424,413,416,436,462
2020-04-22,446,536,476,475,452,479,444
2020-04-23,439,412,508,482,437,469,399
2020-04-24,444,346,519,464,408,440,352
2020-04-25,371,397,462,374,407,417,355
2020-04-26,224,409,446,368,420,400,384
2020-04-27,182,397,389,367,418,396,393
2020-04-28,279,336,333,374,337,337,344
2020-04-29,217,353,364,376,291,320,277
2020-04-30,202,224,362,330,228,286,195
2020-05-01,282,182,252,192,199,262,182
2020-05-02,288,196,182,182,182,239,182
2020-05-03,195,315,313,245,182,214,182
2020-05-04,181,259,310,198,247,203,213
2020-05-05,119,201,234,200,237,208,246
2020-05-06,104,282,221,267,207,200,196
2020-05-07,107,216,221,193,144,192,156
2020-05-08,88,165,227,164,124,175,138
2020-05-09,108,104,114,121,125,161,139
2020-05-10,66,88,88,88,88,136,88
2020-05-11,58,110,115,88,105,111,88
2020-05-12,87,66,75,66,82,80,66
2020-05-13,55,71,58,69,69,64,57
2020-05-14,99,78,83,76,64,57,67
2020-05-15,55,55,55,55,58,55,60
2020-05-16,56,96,104,108,65,55,77
2020-05-17,29,55,58,87,74,55,82
2020-05-18,30,81,80,113,63,55,66
2020-05-19,32,56,59,52,46,44,54
2020-05-20,37,42,67,55,36,42,31
2020-05-21,45,29,49,35,29,40,29
2020-05-22,30,29,33,29,29,38,29
2020-05-23,30,49,56,32,29,34,29
2020-05-24,40,32,39,41,29,30,37
2020-05-25,22,45,31,55,30,29,34
2020-05-26,27,33,42,42,31,29,33
2020-05-27,37,28,23,35,28,23,33
2020-05-28,62,27,31,31,29,23,36
2020-05-29,63,39,41,35,34,24,39
2020-05-30,46,65,47,61,58,35,60
2020-05-31,33,56,45,50,52,48,51
2020-06-01,36,37,48,34,43,45,44
2020-06-02,51,43,46,31,39,38,35
2020-06-03,26,47,40,37,40,40,39
2020-06-04,45,46,49,49,47,41,45
2020-06-05,41,28,38,32,44,37,42
2020-06-06,45,41,47,40,39,33,35
2020-06-07,32,30,41,31,39,32,33
2020-06-08,22,38,45,38,43,37,36
2020-06-09,30,29,35,28,34,38,27
2020-06-10,36,40,37,35,28,33,26
2020-06-11,40,31,38,33,25,31,25
2020-06-12,57,31,42,38,28,30,26
2020-06-13,43,37,41,35,34,29,32
2020-06-14,62,53,51,51,51,40,51
2020-06-15,60,31,47,30,43,43,37
2020-06-16,42,44,53,49,54,45,45
2020-06-17,43,45,45,40,44,43,41
2020-06-18,68,48,41,35,39,38,36
2020-06-19,54,51,42,38,42,41,39
2020-06-20,65,64,43,69,54,46,52
2020-06-21,48,44,40,43,53,49,52
2020-06-22,40,60,52,63,49,54,50
2020-06-23,53,43,46,47,40,50,48
2020-06-24,89,54,47,49,45,48,49
2020-06-25,79,48,54,55,49,50,49
2020-06-26,99,97,77,101,86,52,80
2020-06-27,88,72,67,65,71,73,74
2020-06-28,111,87,76,93,82,79,77
2020-06-29,110,83,72,64,72,73,72
2020-06-30,132,102,78,100,84,73,73
2020-07-01,125,96,69,68,80,70,70
2020-07-02,194,125,81,112,104,85,86
2020-07-03,249,111,81,81,96,88,83
2020-07-04,268,214,118,227,159,139,152
2020-07-05,195,225,112,238,195,180,176
2020-07-06,174,240,134,228,176,190,177
2020-07-07,203,176,142,137,148,160,143
2020-07-08,203,141,149,156,146,153,118
2020-07-09,352,222,135,224,176,175,182
2020-07-10,418,198,176,186,210,180,203
2020-07-11,374,368,296,349,319,210,307
2020-07-12,390,387,322,387,369,309,349
2020-07-13,246,386,330,330,279,313,272
2020-07-14,326,447,328,400,299,291,278
2020-07-15,438,282,272,218,251,243,229
2020-07-16,619,389,271,290,271,263,248
2020-07-17,588,355,301,448,373,311,342
2020-07-18,654,565,461,663,588,418,583
2020-07-19,501,579,472,527,457,495,459
2020-07-20,405,683,531,684,480,487,447
2020-07-21,618,582,439,429,424,423,408
2020-07-22,792,491,424,399,410,394,355
2020-07-23,966,621,436,577,453,426,437
2020-07-24,766,591,580,799,700,543,615
2020-07-25,796,815,700,953,852,729,845
2020-07-26,834,827,721,674,614,739,665
2020-07-27,583,935,754,886,623,649,613
2020-07-28,971,798,595,684,613,567,557
2020-07-29,1245,641,595,520,644,631,602
2020-07-30,1305,982,728,1016,809,707,755
2020-07-31,1575,994,899,1239,1170,883,1076
2020-08-01,1537,1163,978,1188,1032,1056,1079
2020-08-02,1325,1671,1287,1505,1213,1189,1168
2020-08-03,941,1632,1087,1248,1128,1116,1062
2020-08-04,1240,1440,1055,1043,1015,968,948
2020-08-05,1344,1129,1078,741,1035,1017,890
2020-08-06,1479,1258,1112,1564,1162,1090,1118
2020-08-07,1597,1059,1194,1230,1326,1098,1229
2020-08-08,1521,1163,1319,1343,1358,1115,1233
2020-08-09,1485,1280,1220,1456,1251,1296,1293
2020-08-10,829,1295,1152,1368,1126,1282,1256
2020-08-11,691,1415,1123,1323,1074,1171,1206
2020-08-12,969,1246,1188,1059,1206,1148,1144
2020-08-13,1175,1393,1063,1442,1283,1143,1181
2020-08-14,1355,857,1288,1092,1377,1122,1331
2020-08-15,1233,1382,1318,1065,1345,1049,1242
2020-08-16,1015,1267,1404,1248,1366,1019,1208
2020-08-17,630,1100,1341,932,1377,1162,1259
2020-08-18,903,947,1123,906,1153,1203,1038
2020-08-19,1078,927,953,945,980,998,892
2020-08-20,1176,859,1090,995,810,1016,731
2020-08-21,1035,837,1234,1114,807,929,645
2020-08-22,985,978,1259,1143,1105,899,854
2020-08-23,737,915,1146,767,1102,968,953
2020-08-24,491,980,1033,884,1024,1050,816
2020-08-25,709,838,823,814,891,917,787
2020-08-26,893,908,851,886,795,871,698
2020-08-27,870,717,973,888,700,802,548
2020-08-28,869,826,1069,1002,692,736,491
2020-08-29,841,803,929,682,776,695,620
2020-08-30,598,851,951,712,891,795,781
2020-08-31,430,764,866,700,894,883,756
2020-09-01,624,705,666,651,731,759,603
2020-09-02,585,704,772,731,609,740,509
2020-09-03,654,553,798,694,488,685,450
2020-09-04,582,435,616,600,525,627,449
2020-09-05,598,657,690,626,578,583,465
2020-09-06,447,506,556,430,597,557,500
2020-09-07,285,564,592,567,601,538,546
2020-09-08,510,522,493,497,534,492,495
2020-09-09,507,510,529,533,419,454,370
2020-09-10,709,445,525,564,379,433,313
2020-09-11,637,494,587,509,415,414,322
2020-09-12,639,770,715,722,627,442,540
2020-09-13,438,522,685,443,599,608,605
2020-09-14,262,569,610,582,622,548,503
2020-09-15,530,420,536,358,492,467,445
2020-09-16,543,493,468,491,476,466,413
2020-09-17,478,469,512,569,544,480,513
2020-09-18,569,478,615,570,586,443,526
2020-09-19,592,428,552,419,563,418,488
2020-09-20,469,593,588,549,590,465,493
2020-09-21,306,500,506,516,587,542,491
2020-09-22,321,428,431,402,508,500,414
2020-09-23,216,427,419,440,439,445,368
2020-09-24,475,474,466,468,388,464,321
2020-09-25,567,310,514,425,415,402,260
2020-09-26,634,497,514,471,424,365,357
2020-09-27,478,527,569,530,515,366,440
2020-09-28,294,549,585,560,632,485,579
2020-09-29,527,378,521,320,505,470,398
2020-09-30,569,349,480,329,419,389,359
2020-10-01,619,420,455,454,399,409,368
2020-10-02,537,413,426,476,466,431,463
2020-10-03,562,465,425,527,535,466,504
2020-10-04,394,487,420,416,474,508,460
2020-10-05,269,537,434,517,441,469,449
2020-10-06,495,357,409,395,411,406,428
2020-10-07,502,531,405,435,466,426,470
2020-10-08,623,442,530,574,516,433,479
2020-10-09,594,547,566,483,529,416,470
2020-10-10,666,624,569,609,619,463,562
2020-10-11,431,528,560,521,612,529,515
2020-10-12,272,555,567,588,591,515,496
2020-10-13,491,405,476,350,470,451,428
2020-10-14,550,465,464,459,450,445,398
2020-10-15,703,439,473,526,508,466,486
2020-10-16,633,477,595,585,567,441,516
2020-10-17,611,641,641,710,674,471,613
2020-10-18,422,525,619,540,639,575,566
2020-10-19,313,510,534,537,536,537,486
2020-10-20,475,436,468,401,476,454,440
2020-10-21,611,455,451,474,492,475,433
2020-10-22,609,447,510,535,549,476,523
2020-10-23,742,561,665,681,580,441,525
2020-10-24,712,550,619,549,645,461,564
2020-10-25,486,638,684,692,738,595,621
2020-10-26,401,551,586,588,612,565,535
2020-10-27,646,470,522,431,519,497,471
2020-10-28,724,462,517,479,505,500,460
2020-10-29,803,551,548,617,549,528,549
2020-10-30,767,568,604,690,647,537,616
2020-10-31,866,648,665,749,734,628,707
2020-11-01,603,662,660,685,621,665,617
2020-11-02,480,759,671,761,673,660,637
2020-11-03,860,654,585,526,581,564,552
2020-11-04,606,637,614,599,634,614,578
2020-11-05,1046,725,678,808,695,641,679
2020-11-06,1137,463,659,586,755,634,711
2020-11-07,1301,889,906,1115,956,709,867
2020-11-08,934,1020,803,1035,1006,907,965
2020-11-09,770,1209,946,1137,1050,983,1006
2020-11-10,1276,816,944,697,875,908,850
2020-11-11,1540,873,973,824,817,801,760
2020-11-12,1624,1004,967,1127,901,870,875
2020-11-13,1703,1129,962,1565,1351,1048,1246
2020-11-14,1721,1336,1085,1486,1321,1285,1321
2020-11-15,1428,1590,1296,1631,1224,1329,1287
2020-11-16,949,1697,1363,1559,1236,1233,1185
2020-11-17,1685,1216,1208,1138,1137,1051,1047
2020-11-18,2173,1420,1127,894,1181,1127,1044
2020-11-19,2382,1957,1296,1861,1291,1192,1296
2020-11-20,2425,1819,1870,2156,1953,1476,1734
2020-11-21,2570,2122,1752,2209,2092,1876,2074
2020-11-22,2146,2309,1826,2171,1792,1911,1880
2020-11-23,1513,2480,2108,2200,1953,1869,1821
2020-11-24,1219,1943,1813,1669,1747,1629,1623
2020-11-25,1925,1673,1872,1406,1744,1660,1522
2020-11-26,2494,1747,1775,2100,1986,1773,1892
2020-11-27,2510,1761,2057,2111,2207,1718,2037
2020-11-28,2667,2452,2456,2362,2373,1628,2028
2020-11-29,2046,2150,2144,2236,2341,1896,2213
2020-11-30,1425,2266,2167,2396,2188,2110,2109
2020-12-01,2014,1729,1890,1692,1850,1935,1800
2020-12-02,2419,1689,1962,1820,1895,1804,1743
2020-12-03,2505,1787,1879,2121,1969,1924,1874
2020-12-04,2435,1977,2228,2518,2255,1921,2160
2020-12-05,2496,2127,2260,2331,2439,1983,2268
2020-12-06,2010,2234,2222,2212,2291,2250,2180
2020-12-07,1502,2157,2233,2270,2081,2174,2087
2020-12-08,2166,2113,1907,1890,1871,1909,1951
2020-12-09,2801,2148,1879,1871,1986,1881,1906
2020-12-10,2966,2146,2119,2254,2201,2045,2116
2020-12-11,2795,2606,2756,3038,2509,2064,2303
2020-12-12,3010,2627,2679,2795,2919,2418,2849
2020-12-13,2375,2525,2739,2529,2577,2500,2195
2020-12-14,1681,2504,2554,2641,2498,2378,2332
2020-12-15,2400,2224,2258,1958,2242,2123,2114
2020-12-16,2990,2137,2262,2065,2286,2194,2053
2020-12-17,3206,2335,2289,2586,2510,2274,2423
2020-12-18,2832,2748,2699,3158,2736,2246,2556
2020-12-19,3040,2753,2870,3012,3093,2475,2870
2020-12-20,2398,2505,2803,2569,2617,2722,2539
2020-12-21,1791,2659,2516,2797,2476,2548,2442
2020-12-22,2674,2410,2288,2166,2312,2245,2268
2020-12-23,3270,2433,2320,2419,2495,2403,2302
2020-12-24,3797,2528,2527,2834,2725,2446,2640
2020-12-25,3934,3036,3139,3478,3032,2435,2802
2020-12-26,3702,3327,3356,3751,3795,2987,3618
2020-12-27,2942,3258,3505,3549,3441,3232,3044
2020-12-28,2397,2980,3229,3072,3157,3032,2985
2020-12-29,3609,2839,2976,2442,2846,2668,2657
2020-12-30,3884,2638,2852,2511,2862,2761,2574
2020-12-31,4500,3206,3047,3512,3118,2892,3085
2021-01-01,3248,3047,3056,3715,3494,2963,3330
2021-01-02,3057,3616,3727,4248,4091,3501,3900
2021-01-03,3139,3029,3549,3052,3063,3618,3049
2021-01-04,3330,3425,3097,3192,2950,3072,2993
2021-01-05,4958,3172,2823,3189,3085,3061,2988
2021-01-06,6066,2974,3569,3330,3431,3308,3117
2021-01-07,7793,4262,4537,5391,4605,3461,4160
2021-01-08,8045,5596,4436,5647,5745,4770,5797
2021-01-09,7528,7688,5584,6780,6105,5971,5876
2021-01-10,6130,8010,6118,6278,5814,5653,5965
2021-01-11,4901,7887,6288,6540,5819,5358,5341
2021-01-12,4630,6826,5392,4296,5090,4584,4461
2021-01-13,6086,6205,4813,4596,5535,5395,5296
2021-01-14,6749,6359,4595,6951,6385,5573,6374
2021-01-15,6795,5925,5235,6454,6703,5180,6465
2021-01-16,7028,5698,6259,6019,6986,4784,6289
2021-01-17,5758,6226,6207,6007,6901,5286,6454
2021-01-18,4947,6632,6144,6230,6760,6314,6308
2021-01-19,5355,5445,5533,5094,5910,5956,5452
2021-01-20,5643,5832,5860,5672,5800,5983,5563
2021-01-21,5743,5467,6366,5831,5163,6107,5220
2021-01-22,4821,5090,6210,5484,5334,5760,4830
2021-01-23,4711,4877,5784,5466,5595,5532,4914
2021-01-24,3988,4630,5043,4630,5386,5286,4928
2021-01-25,2760,4939,5194,4959,5133,5046,4818
2021-01-26,3851,4671,4907,4912,4573,4386,4344
2021-01-27,3968,4243,4626,4648,4118,3437,3923
2021-01-28,4122,3526,4297,4257,3453,3411,3125
2021-01-29,3547,3580,4087,3724,3167,3346,2760
2021-01-30,3330,4058,4161,3126,3226,3250,3014
2021-01-31,2673,3274,3513,2826,3247,3207,3363
2021-02-01,1782,3467,3459,3436,3477,3182,3276
2021-02-02,2321,3326,3338,3351,3129,2995,2907
2021-02-03,2648,3013,3473,3250,2428,2790,2082
2021-02-04,2574,2277,2936,2920,2053,2587,1860
2021-02-05,2371,2262,2660,2458,2027,2410,1830
2021-02-06,2277,2441,2502,1792,2021,2261,1782
2021-02-07,1627,2084,2182,1782,2082,2119,2063
2021-02-08,1215,2175,2137,2124,2273,2078,2127
2021-02-09,1568,2158,1881,2075,2023,1890,1857
2021-02-10,1885,1957,2145,2036,1542,1608,1401
2021-02-11,1689,1446,1896,1782,1314,1585,1313
2021-02-12,1297,1644,2198,1706,1478,1537,1390
2021-02-13,1355,1576,1658,1215,1413,1515,1352
2021-02-14,1360,1387,1398,1338,1291,1450,1415
2021-02-15,964,1502,1515,1484,1434,1363,1296
2021-02-16,1305,1301,1403,1390,1345,1290,1248
2021-02-17,1443,1126,1134,1086,1105,1119,1015
2021-02-18,1540,1197,1215,1303,1051,1103,1011
2021-02-19,1297,1416,1669,1236,1191,1088,1154
2021-02-20,1228,1602,1640,1281,1352,1117,1364
2021-02-21,1029,1249,1437,1131,1262,1260,1250
2021-02-22,739,1297,1334,1180,1265,1357,1141
2021-02-23,1078,1262,1269,1198,1111,1292,1118
2021-02-24,923,1236,1346,1256,972,1211,814
2021-02-25,1064,935,1219,1209,958,1095,792
2021-02-26,1057,838,1028,901,1030,1011,792
2021-02-27,1208,1088,1112,1036,1040,946,863
2021-02-28,994,985,1074,823,1002,905,883
2021-03-01,684,1176,1285,1107,1106,1038,1073
2021-03-02,887,888,991,809,1031,1141,915
2021-03-03,1240,999,1005,961,868,984,827
2021-03-04,1168,949,1040,943,775,986,814
2021-03-05,1145,1162,1332,1345,1022,935,905
2021-03-06,1045,1070,1147,1027,1175,1017,1095
2021-03-07,1061,1178,1120,1098,1120,1081,967
2021-03-08,599,976,1024,956,1001,1020,950
2021-03-09,1125,968,978,1004,964,930,914
2021-03-10,1309,895,860,849,981,905,880
2021-03-11,1315,1171,993,1171,1052,936,1028
2021-03-12,1268,1258,1232,1354,1224,979,1117
2021-03-13,1317,1225,1179,1213,1250,1116,1192
2021-03-14,982,1201,1159,1157,1127,1098,984
2021-03-15,688,1186,1087,1129,1038,1031,985
2021-03-16,1130,989,967,811,959,901,902
2021-03-17,1520,1082,930,1132,1011,942,916
2021-03-18,1492,1181,979,1233,1103,969,1090
2021-03-19,1453,1382,1494,1646,1386,1034,1239
2021-03-20,1517,1343,1338,1365,1503,1229,1366
2021-03-21,1110,1416,1362,1328,1275,1249,1133
2021-03-22,817,1329,1242,1284,1187,1154,1100
2021-03-23,1485,1058,1071,919,1065,992,992
2021-03-24,1924,1098,1107,1090,1138,1080,1017
2021-03-25,1914,1381,1157,1562,1238,1120,1228
2021-03-26,2030,1519,1652,2055,1755,1285,1632
2021-03-27,2073,1631,1632,1720,1738,1579,1701
2021-03-28,1753,1715,1711,1833,1565,1594,1538
2021-03-29,1340,1712,1567,1685,1600,1508,1470
2021-03-30,2077,1586,1442,1359,1451,1320,1316
2021-03-31,2832,1385,1521,1173,1458,1380,1250
2021-04-01,2598,1805,1550,2009,1562,1467,1535
2021-04-02,2742,2260,2059,2942,2544,1919,2357
2021-04-03,2755,2353,2087,2232,2176,2279,2222
2021-04-04,2459,2571,2103,2496,2039,2185,2085
2021-04-05,1553,2681,2056,2308,1990,1999,1894
2021-04-06,2652,2502,1847,1918,1908,1731,1689
2021-04-07,3459,2092,2154,1674,2107,2039,1920
2021-04-08,3455,2523,2206,2954,2311,2121,2277
2021-04-09,3511,2972,3049,3569,3080,2390,2815
2021-04-10,3742,2992,2788,3135,3018,2830,3000
2021-04-11,2848,3056,2754,3180,2692,2845,2718
2021-04-12,2100,3374,2886,3161,2909,2794,2695
2021-04-13,3445,2844,2605,2279,2558,2410,2380
2021-04-14,4302,2579,2749,2335,2693,2551,2355
2021-04-15,4569,3279,2883,3714,2956,2688,2888
2021-04-16,4518,3420,3848,4501,3871,3046,3560
2021-04-17,4790,3816,3789,4258,4057,3662,3975
2021-04-18,4087,3847,3749,4082,3412,3679,3436
2021-04-19,2891,3988,3602,4045,3633,3532,3395
2021-04-20,4327,3886,3230,3211,3308,3087,3044
2021-04-21,5279,3263,3544,2860,3468,3297,3045
2021-04-22,5473,4055,3609,4276,3725,3486,3653
2021-04-23,5117,4203,4415,5491,4720,3865,4374
2021-04-24,5601,4549,4580,4987,4734,4389,4628
2021-04-25,4602,4333,4502,4670,3969,4520,4146
2021-04-26,3303,4854,4154,5016,4095,4283,4029
2021-04-27,4960,4597,3763,3766,3834,3732,3701
2021-04-28,5790,4189,4217,3865,4330,4145,3931
2021-04-29,5896,4924,4327,5198,4688,4301,4572
2021-04-30,4658,5336,5228,5980,5309,4464,4975
2021-05-01,5992,5393,5331,5479,5403,4913,5211
2021-05-02,5880,4280,5023,4444,4482,4945,4541
2021-05-03,4458,5315,4669,5740,4610,4749,4769
2021-05-04,4195,5060,4211,4906,4595,4504,4552
2021-05-05,4052,4563,4543,4314,4641,4500,4324
2021-05-06,4351,5182,4443,4849,4946,4670,4659
2021-05-07,6033,4643,4707,5177,5353,4729,5230
2021-05-08,7244,4454,4809,4224,5421,4512,5004
2021-05-09,6492,6428,5844,6027,5616,4392,5004
2021-05-10,4926,6439,6606,6500,7041,5544,6556
2021-05-11,6236,5605,6378,5021,6249,5820,5403
2021-05-12,7059,5200,6349,4351,5469,5709,5215
2021-05-13,6867,5557,6012,4953,5378,5279,5124
2021-05-14,6268,5776,5867,5664,5916,5566,5781
2021-05-15,6419,5972,5325,5544,6317,5770,6060
2021-05-16,5248,6258,5355,5559,5865,5904,5890
2021-05-17,3677,6713,5468,5998,5727,5825,5977
2021-05-18,5228,5614,5231,5816,5566,5687,6054
2021-05-19,5814,6208,5742,6591,5842,5611,5998
2021-05-20,5712,4550,5667,5589,6120,5397,5813
2021-05-21,5248,6242,6399,5423,6049,5065,5408
2021-05-22,5032,5336,6084,5208,5900,4913,5225
2021-05-23,4032,5104,5604,4643,5718,5106,5232
2021-05-24,2710,4851,5051,4996,5203,5248,4960
2021-05-25,3894,4594,4726,4840,4575,4790,4230
2021-05-26,4527,4617,4629,4807,4113,4571,3578
2021-05-27,4127,3777,4857,4641,3453,4150,2861
2021-05-28,3705,4647,5219,4860,3661,3844,2768
2021-05-29,3589,3632,4239,3290,3959,3670,3224
2021-05-30,2874,3534,3720,3185,3909,3541,3404
2021-05-31,1785,3504,3621,3723,3728,3282,3461
2021-06-01,2640,3384,3604,3529,3302,3069,3040
2021-06-02,3031,3148,3623,3409,2625,3000,2209
2021-06-03,2826,2513,3206,3244,2214,2737,1881
2021-06-04,2586,2763,3305,3053,2268,2550,1797
2021-06-05,2647,2583,2710,1893,2356,2389,1977
2021-06-06,2016,2365,2486,1972,2401,2293,2277
2021-06-07,1278,2452,2514,2446,2522,2301,2347
2021-06-08,1884,2293,1994,2264,2239,2122,2028
2021-06-09,2224,2196,2394,2299,1710,1971,1544
2021-06-10,2041,1755,2217,2158,1509,1868,1483
2021-06-11,1934,2008,2506,2273,1656,1804,1385
2021-06-12,1941,1860,1953,1375,1763,1738,1487
2021-06-13,1382,1825,1918,1529,1757,1685,1639
2021-06-14,929,1824,1876,1829,1931,1733,1761
2021-06-15,1418,1695,1592,1677,1649,1573,1482
2021-06-16,1696,1630,1866,1743,1309,1543,1108
2021-06-17,1550,1257,1686,1653,1118,1424,997
2021-06-18,1619,1602,1996,1823,1256,1341,971
2021-06-19,1509,1383,1544,1056,1376,1280,1147
2021-06-20,1303,1599,1712,1318,1436,1333,1321
2021-06-21,864,1378,1522,1280,1580,1573,1400
2021-06-22,1433,1313,1283,1307,1383,1444,1168
2021-06-23,1776,1271,1402,1348,1165,1380,985
2021-06-24,1669,1183,1491,1456,1064,1304,956
2021-06-25,1706,1728,1872,2022,1548,1279,1192
2021-06-26,1620,1547,1680,1448,1768,1501,1573
2021-06-27,1280,1693,1734,1613,1695,1596,1362
2021-06-28,989,1466,1478,1353,1401,1407,1343
2021-06-29,1376,1240,1334,1210,1311,1240,1236
2021-06-30,1810,1395,1262,1418,1386,1303,1270
2021-07-01,1742,1384,1368,1597,1528,1315,1480
2021-07-02,1773,1839,1780,1904,1684,1292,1513
2021-07-03,1863,1575,1630,1593,1765,1453,1612
2021-07-04,1479,1721,1633,1670,1611,1544,1491
2021-07-05,1021,1630,1540,1617,1514,1467,1429
2021-07-06,1657,1376,1384,1252,1365,1317,1315
2021-07-07,2181,1389,1434,1356,1429,1386,1305
2021-07-08,2239,1561,1446,1683,1549,1436,1513
2021-07-09,2260,1806,2004,2321,1936,1550,1816
2021-07-10,2453,1935,1916,2037,2138,1835,2104
2021-07-11,2020,1936,1963,2078,1818,1871,1797
2021-07-12,1492,2062,1974,2073,1981,1875,1864
2021-07-13,2376,1805,1796,1588,1763,1682,1668
2021-07-14,3171,1632,1807,1463,1735,1648,1510
2021-07-15,3409,2121,1869,2253,1869,1752,1823
2021-07-16,3420,2549,2442,3340,2846,2190,2674
2021-07-17,3872,3046,2459,3139,2881,2738,2923
2021-07-18,3093,3245,2609,3046,2488,2672,2629
2021-07-19,2318,3741,3105,3394,2909,2774,2746
2021-07-20,3747,3047,2598,2329,2489,2379,2356
2021-07-21,4940,2845,2877,2175,2587,2541,2284
2021-07-22,5390,3313,2936,3968,2914,2707,2827
2021-07-23,4212,4113,3866,4913,4455,3399,3923
2021-07-24,3596,4892,3990,5012,4477,4287,4544
2021-07-25,5030,4728,3947,3847,3487,4083,3741
2021-07-26,4679,4294,4024,4023,3242,3316,3187
2021-07-27,7660,4884,3423,4437,3514,3285,3179
2021-07-28,9625,3998,3564,4045,4169,3884,3978
2021-07-29,10742,6484,6021,8403,7273,5480,6505
2021-07-30,10814,8962,6771,9206,8069,7310,8152
2021-07-31,12413,11185,7766,9441,7394,7875,7639
2021-08-01,10236,11554,8477,9544,7732,7429,7169
2021-08-02,8411,12270,7405,9868,8523,7122,7337
2021-08-03,12149,7922,7218,4985,6968,6581,6168
2021-08-04,14352,10658,7539,8917,7972,7844,7325
2021-08-05,15353,13594,7453,12299,9295,8298,9161
2021-08-06,15797,12159,8605,13222,11889,9974,11548
2021-08-07,15825,13014,10873,14482,11443,12046,12024
2021-08-08,14529,14402,11692,14444,10783,12219,11153
2021-08-09,12141,15493,12135,14244,11182,11525,10833
2021-08-10,10728,14110,10977,11329,10804,10085,9953
2021-08-11,15994,12119,11768,9721,11837,11359,10574
2021-08-12,19038,13216,11767,15196,12779,12227,12603
2021-08-13,20492,16632,14509,16061,14167,12373,13641
2021-08-14,20287,16639,16014,18116,17820,13251,16038
2021-08-15,17887,18589,16260,18902,18168,16774,17845
2021-08-16,14981,18469,16768,17873,16450,16229,15475
2021-08-17,20104,16029,15989,14717,15533,15239,14494
2021-08-18,24091,14945,16131,13455,15453,14637,14222
2021-08-19,25335,17029,16230,18263,15967,15438,15214
2021-08-20,25975,18744,17754,22814,21380,17952,20074
2021-08-21,25633,21063,17682,22375,21884,20740,21543
2021-08-22,22327,24022,19780,23279,19921,21551,20682
2021-08-23,16926,25265,20659,22487,19661,20139,19493
2021-08-24,21664,20967,19595,19105,18627,17798,17756
2021-08-25,24414,19786,17919,14678,18885,17843,17158
2021-08-26,25040,23575,20295,25414,22149,20656,21726
2021-08-27,24305,22367,23074,24225,23779,20343,22586
2021-08-28,22838,22320,23807,23504,24167,20574,22929
2021-08-29,19339,22173,22693,22928,22070,22684,22612
2021-08-30,13668,20798,20485,21647,20365,21883,21964
2021-08-31,17713,20991,20069,20036,20220,19747,21446
2021-09-01,20029,20977,18226,22224,20710,19629,20879
2021-09-02,18206,18654,21221,20692,21276,19614,20396
2021-09-03,16719,21793,21442,18754,20855,18480,19315
2021-09-04,16003,16550,19203,16467,19962,17688,17644
2021-09-05,12891,16236,16319,15958,19131,16861,16832
2021-09-06,8229,16173,16801,17036,17143,15651,15837
2021-09-07,10590,15572,16288,16230,15245,14204,14231
2021-09-08,12384,14163,15764,15171,12807,12327,11365
2021-09-09,10379,11084,14662,13958,10269,11656,8946
2021-09-10,8868,10977,12475,12246,9288,11055,8229
2021-09-11,8790,9254,9380,8229,8701,10593,8229
2021-09-12,6488,8511,8229,8229,8451,9595,8600
2021-09-13,3091,9590,8613,9154,9157,8917,8229
2021-09-14,6665,8082,7327,7485,7773,7597,6983
2021-09-15,6882,6699,6545,7100,5062,4749,3984
2021-09-16,5493,5315,5916,7226,3870,4771,3255
2021-09-17,4765,5852,7833,4585,4129,4585,3252
2021-09-18,4564,4418,4755,3091,4123,4389,4078
2021-09-19,3290,4711,4146,4138,4021,4204,4238
2021-09-20,1913,4712,3830,4507,4313,4096,3977
2021-09-21,1521,4270,3666,4064,3814,3835,3359
2021-09-22,3665,3415,3067,3353,2477,2927,2348
2021-09-23,3820,2282,2212,2466,1917,2577,2159
2021-09-24,1673,2622,4082,3259,1652,2388,1521
2021-09-25,2695,4137,4849,1756,1957,2232,1650
2021-09-26,2096,2145,3302,1681,1935,2065,2481
2021-09-27,967,2991,2726,3064,2263,2010,2303
2021-09-28,1949,1774,1882,2332,2070,1851,1836
2021-09-29,1984,1619,1541,1873,1427,1533,1496
2021-09-30,1569,1650,1839,2003,1559,1483,1769
2021-10-01,1368,1614,2263,1405,1521,1413,1347
2021-10-02,1331,1083,1430,967,1382,1382,1329
2021-10-03,872,1405,1249,1340,1216,1365,1337
2021-10-04,500,1458,1135,1272,1247,1263,1085
2021-10-05,1112,1253,946,1069,1087,1095,972
2021-10-06,1177,969,859,911,688,811,713
2021-10-07,912,900,1067,1092,753,795,827
2021-10-08,813,1153,1491,768,916,730,987
2021-10-09,788,712,921,500,725,689,757
2021-10-10,580,899,807,874,716,681,734
2021-10-11,285,830,670,755,728,683,643
2021-10-12,672,701,664,720,638,639,587
2021-10-13,741,594,574,612,407,508,417
2021-10-14,645,522,588,716,461,482,451
2021-10-15,521,672,902,591,488,472,355
2021-10-16,537,547,611,285,517,459,455
2021-10-17,373,528,580,401,501,462,443
2021-10-18,178,516,513,512,503,454,413
2021-10-19,422,429,455,476,401,413,374
2021-10-20,425,417,493,457,275,403,265
2021-10-21,312,312,366,480,284,360,265
2021-10-22,345,378,495,396,307,334,189
2021-10-23,308,240,255,177,302,300,222
2021-10-24,223,330,323,298,311,275,253
2021-10-25,145,279,245,263,293,260,259
2021-10-26,349,266,216,256,247,234,211
2021-10-27,319,248,212,239,182,205,183
2021-10-28,294,293,387,363,223,202,219
2021-10-29,320,294,308,192,263,197,241
2021-10-30,282,276,307,190,256,217,235
2021-10-31,222,313,309,229,280,282,260
2021-11-01,75,259,277,239,303,290,226
2021-11-02,239,236,242,247,257,258,198
2021-11-03,264,250,209,246,230,242,145
2021-11-04,120,221,279,284,274,223,119
2021-11-05,254,302,295,229,292,198,244
2021-11-06,232,83,166,135,263,175,213
2021-11-07,157,277,222,273,242,151,198
2021-11-08,102,189,192,194,221,181,197
2021-11-09,196,146,142,147,171,196,140
2021-11-10,197,154,163,169,143,163,105
2021-11-11,209,167,193,218,144,162,93
2021-11-12,195,178,233,205,164,153,110
2021-11-13,197,206,222,194,195,157,153
2021-11-14,126,177,215,162,203,197,150
2021-11-15,75,184,190,175,198,188,157
2021-11-16,147,156,151,135,158,153,131
2021-11-17,199,189,158,170,153,160,108
2021-11-18,159,125,183,172,162,149,90
2021-11-19,153,243,233,234,166,136,102
2021-11-20,106,123,176,104,176,134,133