Date,Predicted_lstm_1
2020-01-31,0
2020-02-01,3
2020-02-02,0
2020-02-03,0
2020-02-04,0
2020-02-05,0
2020-02-06,0
2020-02-07,1
2020-02-08,0
2020-02-09,0
2020-02-10,0
2020-02-11,0
2020-02-12,0
2020-02-13,0
2020-02-14,0
2020-02-15,2
2020-02-16,4
2020-02-17,2
2020-02-18,2
2020-02-19,3
2020-02-20,6
2020-02-21,6
2020-02-22,5
2020-02-23,8
2020-02-24,19
2020-02-25,7
2020-02-26,10
2020-02-27,9
2020-02-28,16
2020-02-29,19
2020-03-01,13
2020-03-02,10
2020-03-03,12
2020-03-04,14
2020-03-05,17
2020-03-06,32
2020-03-07,25
2020-03-08,43
2020-03-09,31
2020-03-10,29
2020-03-11,28
2020-03-12,43
2020-03-13,47
2020-03-14,40
2020-03-15,30
2020-03-16,38
2020-03-17,37
2020-03-18,46
2020-03-19,49
2020-03-20,46
2020-03-21,43
2020-03-22,50
2020-03-23,40
2020-03-24,43
2020-03-25,37
2020-03-26,84
2020-03-27,74
2020-03-28,65
2020-03-29,65
2020-03-30,207
2020-03-31,94
2020-04-01,109
2020-04-02,140
2020-04-03,212
2020-04-04,208
2020-04-05,249
2020-04-06,235
2020-04-07,226
2020-04-08,211
2020-04-09,248
2020-04-10,444
2020-04-11,444
2020-04-12,429
2020-04-13,433
2020-04-14,372
2020-04-15,422
2020-04-16,497
2020-04-17,550
2020-04-18,570
2020-04-19,527
2020-04-20,481
2020-04-21,416
2020-04-22,452
2020-04-23,437
2020-04-24,408
2020-04-25,407
2020-04-26,420
2020-04-27,418
2020-04-28,337
2020-04-29,291
2020-04-30,228
2020-05-01,199
2020-05-02,182
2020-05-03,182
2020-05-04,247
2020-05-05,237
2020-05-06,207
2020-05-07,144
2020-05-08,124
2020-05-09,125
2020-05-10,88
2020-05-11,105
2020-05-12,82
2020-05-13,69
2020-05-14,64
2020-05-15,58
2020-05-16,65
2020-05-17,74
2020-05-18,63
2020-05-19,46
2020-05-20,36
2020-05-21,29
2020-05-22,29
2020-05-23,29
2020-05-24,29
2020-05-25,30
2020-05-26,31
2020-05-27,28
2020-05-28,29
2020-05-29,34
2020-05-30,58
2020-05-31,52
2020-06-01,43
2020-06-02,39
2020-06-03,40
2020-06-04,47
2020-06-05,44
2020-06-06,39
2020-06-07,39
2020-06-08,43
2020-06-09,34
2020-06-10,28
2020-06-11,25
2020-06-12,28
2020-06-13,34
2020-06-14,51
2020-06-15,43
2020-06-16,54
2020-06-17,44
2020-06-18,39
2020-06-19,42
2020-06-20,54
2020-06-21,53
2020-06-22,49
2020-06-23,40
2020-06-24,45
2020-06-25,49
2020-06-26,86
2020-06-27,71
2020-06-28,82
2020-06-29,72
2020-06-30,84
2020-07-01,80
2020-07-02,104
2020-07-03,96
2020-07-04,159
2020-07-05,195
2020-07-06,176
2020-07-07,148
2020-07-08,146
2020-07-09,176
2020-07-10,210
2020-07-11,319
2020-07-12,369
2020-07-13,279
2020-07-14,299
2020-07-15,251
2020-07-16,271
2020-07-17,373
2020-07-18,588
2020-07-19,457
2020-07-20,480
2020-07-21,424
2020-07-22,410
2020-07-23,453
2020-07-24,700
2020-07-25,852
2020-07-26,614
2020-07-27,623
2020-07-28,613
2020-07-29,644
2020-07-30,809
2020-07-31,1170
2020-08-01,1032
2020-08-02,1213
2020-08-03,1128
2020-08-04,1015
2020-08-05,1035
2020-08-06,1162
2020-08-07,1326
2020-08-08,1358
2020-08-09,1251
2020-08-10,1126
2020-08-11,1074
2020-08-12,1206
2020-08-13,1283
2020-08-14,1377
2020-08-15,1345
2020-08-16,1366
2020-08-17,1377
2020-08-18,1153
2020-08-19,980
2020-08-20,810
2020-08-21,807
2020-08-22,1105
2020-08-23,1102
2020-08-24,1024
2020-08-25,891
2020-08-26,795
2020-08-27,700
2020-08-28,692
2020-08-29,776
2020-08-30,891
2020-08-31,894
2020-09-01,731
2020-09-02,609
2020-09-03,488
2020-09-04,525
2020-09-05,578
2020-09-06,597
2020-09-07,601
2020-09-08,534
2020-09-09,419
2020-09-10,379
2020-09-11,415
2020-09-12,627
2020-09-13,599
2020-09-14,622
2020-09-15,492
2020-09-16,476
2020-09-17,544
2020-09-18,586
2020-09-19,563
2020-09-20,590
2020-09-21,587
2020-09-22,508
2020-09-23,439
2020-09-24,388
2020-09-25,415
2020-09-26,424
2020-09-27,515
2020-09-28,632
2020-09-29,505
2020-09-30,419
2020-10-01,399
2020-10-02,466
2020-10-03,535
2020-10-04,474
2020-10-05,441
2020-10-06,411
2020-10-07,466
2020-10-08,516
2020-10-09,529
2020-10-10,619
2020-10-11,612
2020-10-12,591
2020-10-13,470
2020-10-14,450
2020-10-15,508
2020-10-16,567
2020-10-17,674
2020-10-18,639
2020-10-19,536
2020-10-20,476
2020-10-21,492
2020-10-22,549
2020-10-23,580
2020-10-24,645
2020-10-25,738
2020-10-26,612
2020-10-27,519
2020-10-28,505
2020-10-29,549
2020-10-30,647
2020-10-31,734
2020-11-01,621
2020-11-02,673
2020-11-03,581
2020-11-04,634
2020-11-05,695
2020-11-06,755
2020-11-07,956
2020-11-08,1006
2020-11-09,1050
2020-11-10,875
2020-11-11,817
2020-11-12,901
2020-11-13,1351
2020-11-14,1321
2020-11-15,1224
2020-11-16,1236
2020-11-17,1137
2020-11-18,1181
2020-11-19,1291
2020-11-20,1953
2020-11-21,2092
2020-11-22,1792
2020-11-23,1953
2020-11-24,1747
2020-11-25,1744
2020-11-26,1986
2020-11-27,2207
2020-11-28,2373
2020-11-29,2341
2020-11-30,2188
2020-12-01,1850
2020-12-02,1895
2020-12-03,1969
2020-12-04,2255
2020-12-05,2439
2020-12-06,2291
2020-12-07,2081
2020-12-08,1871
2020-12-09,1986
2020-12-10,2201
2020-12-11,2509
2020-12-12,2919
2020-12-13,2577
2020-12-14,2498
2020-12-15,2242
2020-12-16,2286
2020-12-17,2510
2020-12-18,2736
2020-12-19,3093
2020-12-20,2617
2020-12-21,2476
2020-12-22,2312
2020-12-23,2495
2020-12-24,2725
2020-12-25,3032
2020-12-26,3795
2020-12-27,3441
2020-12-28,3157
2020-12-29,2846
2020-12-30,2862
2020-12-31,3118
2021-01-01,3494
2021-01-02,4091
2021-01-03,3063
2021-01-04,2950
2021-01-05,3085
2021-01-06,3431
2021-01-07,4605
2021-01-08,5745
2021-01-09,6105
2021-01-10,5814
2021-01-11,5819
2021-01-12,5090
2021-01-13,5535
2021-01-14,6385
2021-01-15,6703
2021-01-16,6986
2021-01-17,6901
2021-01-18,6760
2021-01-19,5910
2021-01-20,5800
2021-01-21,5163
2021-01-22,5334
2021-01-23,5595
2021-01-24,5386
2021-01-25,5133
2021-01-26,4573
2021-01-27,4118
2021-01-28,3453
2021-01-29,3167
2021-01-30,3226
2021-01-31,3247
2021-02-01,3477
2021-02-02,3129
2021-02-03,2428
2021-02-04,2053
2021-02-05,2027
2021-02-06,2021
2021-02-07,2082
2021-02-08,2273
2021-02-09,2023
2021-02-10,1542
2021-02-11,1314
2021-02-12,1478
2021-02-13,1413
2021-02-14,1291
2021-02-15,1434
2021-02-16,1345
2021-02-17,1105
2021-02-18,1051
2021-02-19,1191
2021-02-20,1352
2021-02-21,1262
2021-02-22,1265
2021-02-23,1111
2021-02-24,972
2021-02-25,958
2021-02-26,1030
2021-02-27,1040
2021-02-28,1002
2021-03-01,1106
2021-03-02,1031
2021-03-03,868
2021-03-04,775
2021-03-05,1022
2021-03-06,1175
2021-03-07,1120
2021-03-08,1001
2021-03-09,964
2021-03-10,981
2021-03-11,1052
2021-03-12,1224
2021-03-13,1250
2021-03-14,1127
2021-03-15,1038
2021-03-16,959
2021-03-17,1011
2021-03-18,1103
2021-03-19,1386
2021-03-20,1503
2021-03-21,1275
2021-03-22,1187
2021-03-23,1065
2021-03-24,1138
2021-03-25,1238
2021-03-26,1755
2021-03-27,1738
2021-03-28,1565
2021-03-29,1600
2021-03-30,1451
2021-03-31,1458
2021-04-01,1562
2021-04-02,2544
2021-04-03,2176
2021-04-04,2039
2021-04-05,1990
2021-04-06,1908
2021-04-07,2107
2021-04-08,2311
2021-04-09,3080
2021-04-10,3018
2021-04-11,2692
2021-04-12,2909
2021-04-13,2558
2021-04-14,2693
2021-04-15,2956
2021-04-16,3871
2021-04-17,4057
2021-04-18,3412
2021-04-19,3633
2021-04-20,3308
2021-04-21,3468
2021-04-22,3725
2021-04-23,4720
2021-04-24,4734
2021-04-25,3969
2021-04-26,4095
2021-04-27,3834
2021-04-28,4330
2021-04-29,4688
2021-04-30,5309
2021-05-01,5403
2021-05-02,4482
2021-05-03,4610
2021-05-04,4595
2021-05-05,4641
2021-05-06,4946
2021-05-07,5353
2021-05-08,5421
2021-05-09,5616
2021-05-10,7041
2021-05-11,6249
2021-05-12,5469
2021-05-13,5378
2021-05-14,5916
2021-05-15,6317
2021-05-16,5865
2021-05-17,5727
2021-05-18,5566
2021-05-19,5842
2021-05-20,6120
2021-05-21,6049
2021-05-22,5900
2021-05-23,5718
2021-05-24,5203
2021-05-25,4575
2021-05-26,4113
2021-05-27,3453
2021-05-28,3661
2021-05-29,3959
2021-05-30,3909
2021-05-31,3728
2021-06-01,3302
2021-06-02,2625
2021-06-03,2214
2021-06-04,2268
2021-06-05,2356
2021-06-06,2401
2021-06-07,2522
2021-06-08,2239
2021-06-09,1710
2021-06-10,1509
2021-06-11,1656
2021-06-12,1763
2021-06-13,1757
2021-06-14,1931
2021-06-15,1649
2021-06-16,1309
2021-06-17,1118
2021-06-18,1256
2021-06-19,1376
2021-06-20,1436
2021-06-21,1580
2021-06-22,1383
2021-06-23,1165
2021-06-24,1064
2021-06-25,1548
2021-06-26,1768
2021-06-27,1695
2021-06-28,1401
2021-06-29,1311
2021-06-30,1386
2021-07-01,1528
2021-07-02,1684
2021-07-03,1765
2021-07-04,1611
2021-07-05,1514
2021-07-06,1365
2021-07-07,1429
2021-07-08,1549
2021-07-09,1936
2021-07-10,2138
2021-07-11,1818
2021-07-12,1981
2021-07-13,1763
2021-07-14,1735
2021-07-15,1869
2021-07-16,2846
2021-07-17,2881
2021-07-18,2488
2021-07-19,2909
2021-07-20,2489
2021-07-21,2587
2021-07-22,2914
2021-07-23,4455
2021-07-24,4477
2021-07-25,3487
2021-07-26,3242
2021-07-27,3514
2021-07-28,4169
2021-07-29,7273
2021-07-30,8069
2021-07-31,7394
2021-08-01,7732
2021-08-02,8523
2021-08-03,6968
2021-08-04,7972
2021-08-05,9295
2021-08-06,11889
2021-08-07,11443
2021-08-08,10783
2021-08-09,11182
2021-08-10,10804
2021-08-11,11837
2021-08-12,12779
2021-08-13,14167
2021-08-14,17820
2021-08-15,18168
2021-08-16,16450
2021-08-17,15533
2021-08-18,15453
2021-08-19,15967
2021-08-20,21380
2021-08-21,21884
2021-08-22,19921
2021-08-23,19661
2021-08-24,18627
2021-08-25,18885
2021-08-26,22149
2021-08-27,23779
2021-08-28,24167
2021-08-29,22070
2021-08-30,20365
2021-08-31,20220
2021-09-01,20710
2021-09-02,21276
2021-09-03,20855
2021-09-04,19962
2021-09-05,19131
2021-09-06,17143
2021-09-07,15245
2021-09-08,12807
2021-09-09,10269
2021-09-10,9288
2021-09-11,8701
2021-09-12,8451
2021-09-13,9157
2021-09-14,7773
2021-09-15,5062
2021-09-16,3870
2021-09-17,4129
2021-09-18,4123
2021-09-19,4021
2021-09-20,4313
2021-09-21,3814
2021-09-22,2477
2021-09-23,1917
2021-09-24,1652
2021-09-25,1957
2021-09-26,1935
2021-09-27,2263
2021-09-28,2070
2021-09-29,1427
2021-09-30,1559
2021-10-01,1521
2021-10-02,1382
2021-10-03,1216
2021-10-04,1247
2021-10-05,1087
2021-10-06,688
2021-10-07,753
2021-10-08,916
2021-10-09,725
2021-10-10,716
2021-10-11,728
2021-10-12,638
2021-10-13,407
2021-10-14,461
2021-10-15,488
2021-10-16,517
2021-10-17,501
2021-10-18,503
2021-10-19,401
2021-10-20,275
2021-10-21,284
2021-10-22,307
2021-10-23,302
2021-10-24,311
2021-10-25,293
2021-10-26,247
2021-10-27,182
2021-10-28,223
2021-10-29,263
2021-10-30,256
2021-10-31,280
2021-11-01,303
2021-11-02,257
2021-11-03,230
2021-11-04,274
2021-11-05,292
2021-11-06,263
2021-11-07,242
2021-11-08,221
2021-11-09,171
2021-11-10,143
2021-11-11,144
2021-11-12,164
2021-11-13,195
2021-11-14,203
2021-11-15,198
2021-11-16,158
2021-11-17,153
2021-11-18,162
2021-11-19,166
2021-11-20,176
