name,lat,lon
北海道,43.064278,141.346785
札幌市,43.061945,141.35439499999998
札幌市中央区,43.05539,141.34098
札幌市北区,43.090691,141.340922
札幌市東区,43.076111,141.36361599999998
札幌市白石区,43.045445,141.396378
札幌市豊平区,43.031366,141.379978
札幌市南区,42.989953,141.353372
札幌市西区,43.074358000000004,141.300899
札幌市厚別区,43.036146,141.474747
札幌市手稲区,43.121851,141.245651
札幌市清田区,42.999538,141.44389099999998
函館市,41.768679,140.729127
小樽市,43.190808000000004,140.99430900000002
旭川市,43.770846,142.364852
室蘭市,42.315208,140.973632
釧路市,42.984834,144.381688
帯広市,42.923691,143.196577
北見市,43.803993,143.89572900000002
夕張市,43.056825,141.973979
岩見沢市,43.196194,141.77585200000001
網走市,44.020626,144.27348899999998
留萌市,43.940969,141.63685
苫小牧市,42.634085,141.60551
稚内市,45.415553,141.673146
美唄市,43.332986,141.854003
芦別市,43.518198999999996,142.18954399999998
江別市,43.103613,141.53598799999997
赤平市,43.557968,142.04416899999998
紋別市,44.356484,143.354067
士別市,44.178664000000005,142.400461
名寄市,44.35584,142.46319499999998
三笠市,43.245802000000005,141.875619
根室市,43.329997999999996,145.582953
千歳市,42.821509999999996,141.651075
滝川市,43.557741,141.910458
砂川市,43.494748,141.903492
歌志内市,43.521609999999995,142.03528500000002
深川市,43.723257000000004,142.053576
富良野市,43.341919,142.383205
登別市,42.412732,141.10656200000003
恵庭市,42.882472,141.577912
伊達市,42.471915,140.864745
北広島市,42.986821,141.563659
石狩市,43.171347999999995,141.31542
北斗市,41.824143,140.652908
当別町,43.223821,141.517094
新篠津村,43.225271,141.649305
松前町,41.430033,140.110498
福島町,41.483613,140.251317
知内町,41.598356,140.418854
木古内町,41.678402,140.437626
七飯町,41.895692,140.694374
鹿部町,42.038598,140.815914
森町,42.104972,140.576481
八雲町,42.25589,140.26525
長万部町,42.514005,140.380866
江差町,41.869289,140.127616
上ノ国町,41.800825,140.120342
厚沢部町,41.92098,140.225327
乙部町,41.968610999999996,140.135472
奥尻町,42.172292,139.514152
今金町,42.429363,140.008705
せたな町,42.414861,139.876243
島牧村,42.700497999999996,140.06148100000001
寿都町,42.791053000000005,140.228782
黒松内町,42.667792,140.307781
蘭越町,42.809225,140.528367
ニセコ町,42.804840999999996,140.687548
真狩村,42.763015,140.803541
留寿都村,42.73741,140.875619
喜茂別町,42.795405,140.93461100000002
京極町,42.85823,140.884057
倶知安町,42.901721,140.759037
共和町,42.980403,140.61123899999998
岩内町,42.979760999999996,140.514773
泊村,43.063029,140.49902
神恵内村,43.143879,140.430826
積丹町,43.299064,140.598331
古平町,43.265484,140.638941
仁木町,43.154638,140.76413200000002
余市町,43.195329,140.783572
赤井川村,43.083537,140.813577
南幌町,43.063704,141.650257
奈井江町,43.425311,141.88288799999998
上砂川町,43.48267,141.984078
由仁町,42.999549,141.790359
長沼町,43.010378,141.695396
栗山町,43.056292,141.78416299999998
月形町,43.338397,141.669604
浦臼町,43.430446999999994,141.818919
新十津川町,43.548491999999996,141.877073
妹背牛町,43.700340000000004,141.962058
秩父別町,43.766999,141.958499
雨竜町,43.643954,141.889012
北竜町,43.731472,141.879147
沼田町,43.806744,141.93344299999998
鷹栖町,43.843309999999995,142.354403
東神楽町,43.696276,142.451653
当麻町,43.828123,142.508418
比布町,43.875006,142.47769499999998
愛別町,43.906560999999996,142.578073
上川町,43.847102,142.77045
東川町,43.698916,142.510091
美瑛町,43.588315,142.467074
上富良野町,43.455578,142.467164
中富良野町,43.405784999999995,142.425152
南富良野町,43.164085,142.568365
占冠村,42.979878,142.39853200000002
和寒町,44.023154,142.41335800000002
剣淵町,44.095768,142.361253
下川町,44.302575,142.635238
美深町,44.480990000000006,142.34303
音威子府村,44.724931,142.262022
中川町,44.811332,142.07134
幌加内町,44.009812,142.153828
増毛町,43.856032,141.525197
小平町,44.015157,141.662844
苫前町,44.306095,141.653022
羽幌町,44.360701,141.697458
初山別村,44.531934,141.766495
遠別町,44.722278,141.792177
天塩町,44.888313000000004,141.745366
猿払村,45.330577000000005,142.10888899999998
浜頓別町,45.123993,142.359577
中頓別町,44.969757,142.286594
枝幸町,44.938836,142.581257
豊富町,45.102864000000004,141.77753700000002
礼文町,45.303877,141.047458
利尻町,45.186976,141.13968
利尻富士町,45.247473,141.214726
幌延町,45.017716,141.849403
美幌町,43.823729,144.107177
津別町,43.706323,144.024801
斜里町,43.911426,144.670763
清里町,43.835182,144.594523
小清水町,43.85672,144.462121
訓子府町,43.725535,143.741602
置戸町,43.676314,143.586391
佐呂間町,44.017808,143.77478
遠軽町,44.061714,143.528019
湧別町,44.151484,143.572955
滝上町,44.192186,143.077654
興部町,44.470114,143.123512
西興部村,44.328778,142.94446100000002
雄武町,44.58247,142.96186
大空町,43.911858,144.172473
豊浦町,42.583449,140.711921
壮瞥町,42.552385,140.886031
白老町,42.551109000000004,141.355788
厚真町,42.722972999999996,141.878173
洞爺湖町,42.551458000000004,140.764445
安平町,42.762828999999996,141.81809199999998
むかわ町,42.574655,141.926905
日高町,42.480356,142.07465200000001
平取町,42.585164,142.1288
新冠町,42.362415999999996,142.318487
浦河町,42.168563,142.76838700000002
様似町,42.127796999999994,142.933875
えりも町,42.016234999999995,143.148779
新ひだか町,42.341281,142.368346
音更町,42.994153999999995,143.198017
士幌町,43.168191,143.241088
上士幌町,43.232659000000005,143.296219
鹿追町,43.099162,142.988807
新得町,43.079799,142.83882
清水町,43.011059,142.884764
芽室町,42.911891,143.050841
中札内村,42.697185,143.132568
更別村,42.649998,143.18814799999998
大樹町,42.497516999999995,143.278871
広尾町,42.285987,143.311687
幕別町,42.908198,143.35606299999998
池田町,42.929032,143.448496
豊頃町,42.801021,143.505862
本別町,43.124459,143.610556
足寄町,43.244581,143.551971
陸別町,43.468897,143.747307
浦幌町,42.808941,143.658628
釧路町,42.99617,144.466012
厚岸町,43.051953000000005,144.84750400000001
浜中町,43.0771,145.129421
標茶町,43.30336,144.600681
弟子屈町,43.485389,144.459073
鶴居村,43.229775,144.321071
白糠町,42.956132000000004,144.071749
別海町,43.394114,145.11743700000002
中標津町,43.555172,144.971444
標津町,43.661331,145.13131299999998
羅臼町,44.021896999999996,145.18946599999998
青森県,40.824338,140.74008700000002
青森市,40.822115999999994,140.747587
弘前市,40.602965000000005,140.464008
八戸市,40.511891999999996,141.48947900000002
黒石市,40.642687,140.594551
五所川原市,40.807943,140.440112
十和田市,40.612705,141.20589099999998
三沢市,40.683259,141.368929
むつ市,41.292734,141.183459
つがる市,40.808775,140.38011699999998
平川市,40.584083,140.5665
平内町,40.926,140.956175
今別町,41.182071,140.481482
蓬田村,40.971819,140.655921
外ヶ浜町,41.0434,140.632316
鰺ヶ沢町,40.779884,140.208742
深浦町,40.647944,139.927664
西目屋村,40.576852,140.296246
藤崎町,40.656096000000005,140.502814
大鰐町,40.518256,140.567891
田舎館村,40.631576,140.55011000000002
板柳町,40.69601,140.457615
鶴田町,40.758781,140.428726
中泊町,40.960427,140.434122
野辺地町,40.864344,141.12866599999998
七戸町,40.744662,141.158018
六戸町,40.609654,141.324768
横浜町,41.08321,141.247534
東北町,40.728086,141.257815
六ヶ所村,40.967391,141.374474
おいらせ町,40.599101,141.397818
大間町,41.526771000000004,140.907445
東通村,41.277914,141.329466
風間浦村,41.487608,140.995596
佐井村,41.429833,140.859217
三戸町,40.378292,141.258672
五戸町,40.531052,141.307829
田子町,40.339960999999995,141.152017
南部町,40.466791,141.381786
階上町,40.452458,141.621135
新郷村,40.465779,141.173399
岩手県,39.703647,141.152592
盛岡市,39.701980999999996,141.154259
宮古市,39.641453000000006,141.957245
大船渡市,39.082068,141.708399
花巻市,39.388684000000005,141.116773
北上市,39.28675,141.11316599999998
久慈市,40.190271,141.775299
遠野市,39.327651,141.53391200000002
一関市,38.934568,141.12651100000002
陸前高田市,39.027713,141.625599
釜石市,39.275937,141.885596
二戸市,40.271085,141.30478300000001
八幡平市,39.956497,141.07128899999998
奥州市,39.144545,141.139002
滝沢市,39.734753000000005,141.077042
雫石町,39.696142,140.975664
葛巻町,40.039726,141.436443
岩手町,39.972506,141.212577
紫波町,39.554601,141.155684
矢巾町,39.60588,141.14315200000001
西和賀町,39.318039,140.778805
金ケ崎町,39.19565,141.116224
平泉町,38.986784,141.114011
住田町,39.142209,141.575052
大槌町,39.358655,141.899986
山田町,39.467584,141.948919
岩泉町,39.843092,141.796697
田野畑村,39.930306,141.888909
普代村,40.005297,141.88613
軽米町,40.326637,141.460599
野田村,40.110005,141.818077
九戸村,40.211372,141.418941
洋野町,40.408578000000006,141.71806999999998
一戸町,40.213035999999995,141.29534099999998
宮城県,38.268803000000005,140.871846
仙台市,38.26797,140.869625
仙台市青葉区,38.269081,140.870458
仙台市宮城野区,38.266304999999996,140.910176
仙台市若林区,38.244085,140.900734
仙台市太白区,38.224364,140.877126
仙台市泉区,38.326297,140.88128700000001
石巻市,38.434239,141.302768
塩竈市,38.314359,141.022108
気仙沼市,38.908195,141.570083
白石市,38.002155,140.61965700000002
名取市,38.171592,140.891849
角田市,37.977162,140.781867
多賀城市,38.293806,141.004333
岩沼市,38.104375,140.86991
登米市,38.691819,141.187625
栗原市,38.730144,141.021253
東松島市,38.426295,141.210413
大崎市,38.577104,140.95543500000002
富谷市,38.400135,140.895388
蔵王町,38.09798,140.658815
七ケ宿町,37.992985,140.441618
大河原町,38.049376,140.730757
村田町,38.118536,140.72242
柴田町,38.056321000000004,140.765753
川崎町,38.177695,140.643535
丸森町,37.911336999999996,140.76548300000002
亘理町,38.037714,140.852692
山元町,37.962445,140.877693
松島町,38.380109999999995,141.067228
七ヶ浜町,38.30464,141.059327
利府町,38.330181,140.97536399999998
大和町,38.437292,140.886315
大郷町,38.424345,141.004325
大衡村,38.467392,140.880169
色麻町,38.548772,140.84989099999999
加美町,38.571826,140.854889
涌谷町,38.539612,141.128194
美里町,38.544332,141.05681299999998
女川町,38.449748,141.44313
南三陸町,38.680665999999995,141.462492
秋田県,39.718058,140.10325
秋田市,39.719724,140.102417
能代市,40.212167,140.026568
横手市,39.313779,140.566677
大館市,40.271618,140.564571
男鹿市,39.886643,139.847711
湯沢市,39.163968,140.494902
鹿角市,40.215799,140.78844099999998
由利本荘市,39.38588,140.048829
潟上市,39.857288,140.013049
大仙市,39.453101000000004,140.475451
北秋田市,40.226062,140.370702
にかほ市,39.203114,139.90772900000002
仙北市,39.700022,140.731524
小坂町,40.332969,140.736025
上小阿仁村,40.063302,140.295716
藤里町,40.278276,140.26182
三種町,40.101623,140.004909
八峰町,40.319082,140.03862
五城目町,39.944144,140.111572
八郎潟町,39.949421,140.073243
井川町,39.914146,140.081577
大潟村,40.017742,139.959918
美郷町,39.461633,140.582127
羽後町,39.198128000000004,140.412687
東成瀬村,39.178971000000004,140.648773
山形県,38.240457,140.363278
山形市,38.255429,140.339435
米沢市,37.922151,140.116925
鶴岡市,38.727333,139.826642
酒田市,38.914533,139.836357
新庄市,38.76484,140.301875
寒河江市,38.380996,140.276061
上山市,38.149631,140.26773500000002
村山市,38.483488,140.380494
長井市,38.107685,140.040535
天童市,38.362111,140.378274
東根市,38.431271,140.391048
尾花沢市,38.600696,140.405762
南陽市,38.055194,140.148305
山辺町,38.289061,140.262452
中山町,38.333224,140.283006
河北町,38.42627,140.31438899999998
西川町,38.426543,140.14773300000002
朝日町,38.299056,140.145795
大江町,38.380717,140.20662099999998
大石田町,38.593752,140.37271
金山町,38.883439,140.33936699999998
最上町,38.758458000000005,140.51935600000002
舟形町,38.691516,140.319931
真室川町,38.857884000000006,140.252431
大蔵村,38.704012,140.230493
鮭川村,38.796223,140.221602
戸沢村,38.737617,140.14355600000002
高畠町,38.0027,140.18913700000002
川西町,38.004362,140.045817
小国町,38.061377,139.743286
白鷹町,38.182956,140.098582
飯豊町,38.045746,139.98748700000002
三川町,38.794546999999994,139.849693
庄内町,38.84982,139.904686
遊佐町,39.014802,139.907457
福島県,37.749957,140.467734
福島市,37.760789,140.47384399999999
会津若松市,37.494694,139.92973999999998
郡山市,37.400548,140.359702
いわき市,37.050602000000005,140.88772600000001
白河市,37.126326,140.210868
須賀川市,37.286671999999996,140.372763
喜多方市,37.651063,139.874461
相馬市,37.797353,140.918937
二本松市,37.584696,140.43135700000002
田村市,37.440701000000004,140.576162
南相馬市,37.642205,140.957145
伊達市,37.819023,140.562873
本宮市,37.513314,140.393862
桑折町,37.849391,140.516338
国見町,37.876785,140.54916799999998
川俣町,37.664969,140.598283
大玉村,37.534422,140.37108600000002
鏡石町,37.252784999999996,140.3436
天栄村,37.255283,140.247221
下郷町,37.252219000000004,139.867254
檜枝岐村,37.024181,139.388975
只見町,37.348583000000005,139.315915
南会津町,37.200278000000004,139.773376
北塩原村,37.655787,139.93778799999998
西会津町,37.587029,139.64945600000001
磐梯町,37.56191,139.988343
猪苗代町,37.557745000000004,140.10472099999998
会津坂下町,37.56135,139.82169199999998
湯川村,37.565396,139.8867
柳津町,37.526073,139.719481
三島町,37.470244,139.64449
金山町,37.453853,139.52478100000002
昭和村,37.335813,139.61061
会津美里町,37.459973,139.841139
西郷村,37.141822999999995,140.155316
泉崎村,37.153736,140.303296
中島村,37.148631,140.35027
矢吹町,37.201124,140.338602
棚倉町,37.029757000000004,140.379717
矢祭町,36.871444,140.42471899999998
塙町,36.957267,140.409717
鮫川村,37.042538,140.509705
石川町,37.157059000000004,140.446947
玉川村,37.210846999999994,140.408874
平田村,37.221790999999996,140.575871
浅川町,37.080863,140.412767
古殿町,37.089478,140.557477
三春町,37.441103000000005,140.49274599999998
小野町,37.286955999999996,140.626352
広野町,37.214475,140.994652
楢葉町,37.282632,140.99352
富岡町,37.345906,141.008881
川内村,37.337633000000004,140.80936200000002
大熊町,37.489767,139.92786
双葉町,36.921861,140.800626
浪江町,37.494582,141.000664
葛尾村,37.503535,140.764486
新地町,37.875842,140.919385
飯舘村,37.679137,140.735495
茨城県,36.34145,140.44673500000002
水戸市,36.365725,140.471454
日立市,36.599176,140.651597
土浦市,36.0784598,140.2019114
古河市,36.178826,139.75573300000002
石岡市,36.190742,140.287339
結城市,36.305164000000005,139.877427
龍ケ崎市,35.911521,140.182275
下妻市,36.184484999999995,139.967396
常総市,36.023559999999996,139.99381699999998
常陸太田市,36.538346000000004,140.530999
高萩市,36.719161,140.716644
北茨城市,36.801906,140.751224
笠間市,36.385995,140.237559
取手市,35.911435,140.05037099999998
牛久市,35.979347,140.149609
つくば市,36.083442,140.0765
ひたちなか市,36.396501,140.534532
鹿嶋市,35.965852000000005,140.64496499999998
潮来市,35.947139,140.555267
守谷市,35.951345,139.975543
常陸大宮市,36.542428,140.410934
那珂市,36.457383,140.4867
筑西市,36.305263000000004,139.97941699999998
坂東市,36.048333,139.888798
稲敷市,35.972418,140.303503
かすみがうら市,36.151828,140.23709499999998
桜川市,36.327333,140.090519
神栖市,35.889899,140.664618
行方市,35.990215,140.489078
鉾田市,36.158695,140.51648600000001
つくばみらい市,35.962957,140.037063
小美玉市,36.23935,140.35258100000001
茨城町,36.286873,140.424684
大洗町,36.312373,140.574863
城里町,36.479211,140.376265
東海村,36.47291,140.56622
大子町,36.768093,140.355285
美浦村,36.004403,140.301845
阿見町,36.030814,140.21496299999998
河内町,35.884749,140.24452
八千代町,36.181290999999995,139.89132
五霞町,36.114488,139.745196
境町,36.108546000000004,139.794981
利根町,35.857749,140.139309
栃木県,36.565689,139.883528
宇都宮市,36.55519,139.882668
足利市,36.340231,139.44977
栃木市,36.382415,139.734174
佐野市,36.314309,139.57845
鹿沼市,36.567102,139.74504
日光市,36.719907,139.698196
小山市,36.314577,139.800183
真岡市,36.440124,140.012994
大田原市,36.870767,140.015586
矢板市,36.806744,139.924181
那須塩原市,36.961703,140.04608000000002
さくら市,36.685259,139.96646
那須烏山市,36.656851,140.151555
下野市,36.395164,139.852073
上三川町,36.439287,139.910087
益子町,36.467344,140.093153
茂木町,36.532171999999996,140.187558
市貝町,36.543279999999996,140.10211999999999
芳賀町,36.548167,140.058068
壬生町,36.427091,139.803929
野木町,36.233167,139.740858
塩谷町,36.777578999999996,139.850578
高根沢町,36.631017,139.986599
那須町,37.019753,140.12096200000002
那珂川町,36.73624,140.172796
群馬県,36.391192,139.060947
前橋市,36.389276,139.063558
高崎市,36.321865,139.00356499999998
桐生市,36.405167999999996,139.330585
伊勢崎市,36.311368,139.196655
太田市,36.291624,139.375723
沼田市,36.64594,139.044078
館林市,36.244884000000006,139.542265
渋川市,36.489484000000004,139.000447
藤岡市,36.258509000000004,139.07458799999998
富岡市,36.259868,138.88996799999998
安中市,36.326279,138.887242
みどり市,36.394835,139.281145
榛東村,36.438612,138.967125
吉岡町,36.44735,139.010393
上野村,36.083248,138.777292
神流町,36.115997,138.917027
下仁田町,36.2124,138.789119
南牧村,36.157571999999995,138.711267
甘楽町,36.242981,138.921827
中之条町,36.589886,138.841014
長野原町,36.552331,138.637591
嬬恋村,36.516665,138.530295
草津町,36.620656,138.596147
高山村,36.620746999999994,138.943532
東吾妻町,36.571332,138.825516
片品村,36.772484999999996,139.225193
川場村,36.694658000000004,139.106542
昭和村,36.63958,139.065742
みなかみ町,36.678990999999996,138.999024
玉村町,36.304396000000004,139.11488799999998
板倉町,36.222943,139.61026
明和町,36.211326,139.53446200000002
千代田町,36.217745,139.442498
大泉町,36.247824,139.404972
邑楽町,36.263796,139.467604
埼玉県,35.856907,139.648854
さいたま市,35.861601,139.645354
さいたま市西区,35.925294,139.57953799999999
さいたま市北区,35.929981,139.62084299999998
さいたま市大宮区,35.906461,139.628655
さいたま市見沼区,35.935234,139.654483
さいたま市中央区,35.883894,139.626117
さいたま市桜区,35.857074,139.609225
さいたま市浦和区,35.861601,139.645354
さいたま市南区,35.845259999999996,139.64543700000002
さいたま市緑区,35.87131,139.683925
さいたま市岩槻区,35.949905,139.69419399999998
川越市,35.925117,139.485837
熊谷市,36.147334,139.38861799999998
川口市,35.807887,139.724071
行田市,36.138809,139.455751
秩父市,35.991682,139.08545800000002
所沢市,35.799549,139.46876
飯能市,35.855761,139.327797
加須市,36.131399,139.601903
本庄市,36.243737,139.190381
東松山市,36.042126,139.400011
春日部市,35.975226,139.752478
狭山市,35.852986,139.412207
羽生市,36.172670000000004,139.548572
鴻巣市,36.065905,139.522219
深谷市,36.197465,139.28143
上尾市,35.977443,139.593327
草加市,35.825416,139.805396
越谷市,35.891071999999994,139.79084
蕨市,35.825633,139.679519
戸田市,35.817578999999995,139.677825
入間市,35.835848999999996,139.391126
朝霞市,35.797274,139.59366599999998
志木市,35.836603000000004,139.580305
和光市,35.781416,139.605721
新座市,35.793413,139.56525200000002
桶川市,36.005776000000004,139.542481
久喜市,36.062186,139.666899
北本市,36.027187,139.53016399999998
八潮市,35.822666,139.83908799999998
富士見市,35.856572,139.549251
三郷市,35.830137,139.872391
蓮田市,35.994279,139.66229099999998
坂戸市,35.957274,139.40301399999998
幸手市,36.078074,139.725866
鶴ヶ島市,35.934529,139.393153
日高市,35.907781,139.339129
吉川市,35.891073999999996,139.841419
ふじみ野市,35.879207,139.52036299999997
白岡市,36.018997,139.676927
伊奈町,35.999998,139.62396299999997
三芳町,35.828241,139.526587
毛呂山町,35.941635999999995,139.316078
越生町,35.964521999999995,139.294246
滑川町,36.065983,139.360874
嵐山町,36.056596,139.320323
小川町,36.05665,139.2618
川島町,35.992494,139.484352
吉見町,36.039878,139.453755
鳩山町,35.981576000000004,139.33402
ときがわ町,36.008656,139.296827
横瀬町,35.987322,139.100151
皆野町,36.070812,139.098815
長瀞町,36.114833000000004,139.109894
小鹿野町,36.017095,139.008604
東秩父村,36.05812,139.194695
美里町,36.177076,139.181301
神川町,36.213876,139.10183600000002
上里町,36.251818,139.144776
寄居町,36.118251,139.192997
宮代町,36.022723,139.722489
杉戸町,36.025636,139.7367
松伏町,35.925762,139.81528
千葉県,35.604588,140.123184
千葉市,35.607224,140.10640700000002
千葉市中央区,35.608976,140.12465600000002
千葉市花見川区,35.662853999999996,140.06904699999998
千葉市稲毛区,35.636275,140.10721
千葉市若葉区,35.634113,140.15551399999998
千葉市緑区,35.560334000000005,140.176082
千葉市美浜区,35.640384999999995,140.063132
銚子市,35.734645,140.826694
市川市,35.713597,139.92790300000001
船橋市,35.6946,139.982526
館山市,34.996611,139.869884
木更津市,35.381208,139.924905
松戸市,35.78767,139.903168
野田市,35.955036,139.874829
茂原市,35.428360999999995,140.287899
成田市,35.776627000000005,140.318322
佐倉市,35.723825,140.223861
東金市,35.559957,140.366105
旭市,35.720391,140.646596
習志野市,35.68164,140.02734099999998
柏市,35.868162,139.976352
勝浦市,35.152453,140.320979
市原市,35.49796,140.115548
流山市,35.856190000000005,139.902471
八千代市,35.72246,140.099819
我孫子市,35.864136,140.028347
鴨川市,35.114042,140.09886
鎌ケ谷市,35.776841,140.00071499999999
君津市,35.330647,139.902457
富津市,35.304122,139.85701799999998
浦安市,35.653633,139.90156100000002
四街道市,35.669940000000004,140.16817700000001
袖ケ浦市,35.42991,139.954591
八街市,35.665833,140.318188
印西市,35.832337,140.145782
白井市,35.791592,140.056429
富里市,35.726744000000004,140.34296
南房総市,35.043186999999996,139.840136
匝瑳市,35.707864,140.564328
香取市,35.897698999999996,140.499245
山武市,35.602813,140.413514
いすみ市,35.253993,140.385278
大網白里市,35.52171,140.321001
酒々井町,35.724882,140.269552
栄町,35.840866,140.243966
神崎町,35.901558,140.40519799999998
多古町,35.735553,140.46780800000002
東庄町,35.83715,140.668786
九十九里町,35.535016999999996,140.440402
芝山町,35.693055,140.41426
横芝光町,35.665562,140.504254
一宮町,35.372759,140.368778
睦沢町,35.3611,140.31914
長生村,35.412198,140.354084
白子町,35.454332,140.374358
長柄町,35.430775,140.228042
長南町,35.386587,140.237126
大多喜町,35.284852,140.245458
御宿町,35.19228,140.348614
鋸南町,35.111012,139.835467
東京都,35.689568,139.69171699999998
千代田区,35.694003,139.753634
中央区,35.670766,139.772127
港区,35.658073,139.751546
新宿区,35.693984,139.703521
文京区,35.707956,139.752266
台東区,35.712623,139.780015
墨田区,35.710568,139.801707
江東区,35.673156,139.817151
品川区,35.608967,139.730189
目黒区,35.641407,139.698274
大田区,35.561389,139.716081
世田谷区,35.646211,139.653166
渋谷区,35.661993,139.703713
中野区,35.707426,139.66391299999998
杉並区,35.699565,139.636499
豊島区,35.726126,139.716597
北区,35.752784000000005,139.733683
荒川区,35.736178,139.78332
板橋区,35.750978,139.709296
練馬区,35.735645,139.652246
足立区,35.774922,139.80459199999999
葛飾区,35.743427000000004,139.847201
江戸川区,35.706653,139.868312
八王子市,35.666506,139.315888
立川市,35.713981,139.407846
武蔵野市,35.717867,139.566199
三鷹市,35.683315,139.559478
青梅市,35.788185,139.274971
府中市,35.668954,139.477652
昭島市,35.705669,139.353523
調布市,35.650652,139.540926
町田市,35.546644,139.43856200000002
小金井市,35.699534,139.503121
小平市,35.728502,139.477483
日野市,35.671396,139.394937
東村山市,35.754638,139.468539
国分寺市,35.710947999999995,139.46223600000002
国立市,35.683923,139.441461
福生市,35.738692,139.32669099999998
狛江市,35.634794,139.578701
東大和市,35.745416,139.426515
清瀬市,35.785775,139.52645
東久留米市,35.758028,139.52981100000002
武蔵村山市,35.75483,139.387407
多摩市,35.636984000000005,139.446295
稲城市,35.638015,139.504597
羽村市,35.76716,139.311135
あきる野市,35.729359,139.293805
西東京市,35.725753999999995,139.538451
瑞穂町,35.772022,139.353965
日の出町,35.742162,139.25739099999998
檜原村,35.72683,139.148902
奥多摩町,35.809626,139.096322
大島町,34.750036,139.35568899999998
利島村,34.529296,139.282112
新島村,34.377045,139.257096
神津島村,34.205524,139.13461
三宅村,34.075996,139.479858
御蔵島村,33.89731,139.595933
八丈町,33.112671,139.788911
青ヶ島村,32.466881,139.76336899999998
小笠原村,27.094527000000003,142.191804
神奈川県,35.44771,139.642536
横浜市,35.444155,139.637981
横浜市鶴見区,35.508342,139.682614
横浜市神奈川区,35.477011,139.629425
横浜市西区,35.45357,139.616927
横浜市中区,35.444432,139.64323100000001
横浜市南区,35.434422999999995,139.627509
横浜市保土ケ谷区,35.459986,139.59604
横浜市磯子区,35.402328000000004,139.618761
横浜市金沢区,35.337475,139.624539
横浜市港北区,35.51898,139.633035
横浜市戸塚区,35.400013,139.53348200000002
横浜市港南区,35.400795,139.592511
横浜市旭区,35.474733,139.544794
横浜市緑区,35.512395,139.538072
横浜市瀬谷区,35.466345000000004,139.499021
横浜市栄区,35.364331,139.5541
横浜市泉区,35.417851,139.488689
横浜市青葉区,35.552807,139.537238
横浜市都筑区,35.544781,139.570624
川崎市,35.530811,139.70302900000002
川崎市川崎区,35.529394,139.703279
川崎市幸区,35.544337,139.687585
川崎市中原区,35.576221000000004,139.655753
川崎市高津区,35.599412,139.608035
川崎市多摩区,35.61963,139.56201000000001
川崎市宮前区,35.58919,139.578649
川崎市麻生区,35.603772,139.505877
相模原市,35.571407,139.37322
相模原市緑区,35.595639,139.33758999999998
相模原市中央区,35.571384,139.373246
相模原市南区,35.530297,139.430195
横須賀市,35.281479,139.672117
平塚市,35.335607,139.349559
鎌倉市,35.319225,139.546795
藤沢市,35.339139,139.491383
小田原市,35.264669,139.152275
茅ヶ崎市,35.333830999999996,139.404637
逗子市,35.295589,139.580236
三浦市,35.144159,139.620623
秦野市,35.374765999999994,139.220154
厚木市,35.443095,139.36253
大和市,35.487478,139.458022
伊勢原市,35.402876,139.314951
海老名市,35.446428999999995,139.390751
座間市,35.488563,139.407609
南足柄市,35.320547,139.099861
綾瀬市,35.437096999999994,139.426831
葉山町,35.272008,139.586346
寒川町,35.372964,139.384278
大磯町,35.306917,139.31128600000002
二宮町,35.299555,139.255347
中井町,35.330715999999995,139.218877
大井町,35.326465,139.156049
松田町,35.348323,139.13949399999998
山北町,35.360596,139.083861
開成町,35.336434999999994,139.123219
箱根町,35.232394,139.106837
真鶴町,35.158348,139.137283
湯河原町,35.147874,139.108342
愛川町,35.528918,139.321561
清川村,35.482644,139.276064
新潟県,37.902238,139.02353100000002
新潟市,37.916098,139.036363
新潟市北区,37.916243,139.21858799999998
新潟市東区,37.924871,139.092591
新潟市中央区,37.922505,139.04327800000002
新潟市江南区,37.867646,139.093983
新潟市秋葉区,37.788506,139.114632
新潟市南区,37.765785,139.019127
新潟市西区,37.874204,138.972006
新潟市西蒲区,37.760464,138.889284
長岡市,37.446452,138.85110500000002
三条市,37.636351,138.961577
柏崎市,37.37193,138.55873799999998
新発田市,37.947924,139.327149
小千谷市,37.315274,138.794996
加茂市,37.666321,139.040179
十日町市,37.12749,138.75558999999998
見附市,37.531418,138.912669
村上市,38.224045000000004,139.47999199999998
燕市,37.673249,138.881898
糸魚川市,37.038977,137.862707
妙高市,37.026018,138.254197
五泉市,37.744566,139.182467
上越市,37.147919,138.23613799999998
阿賀野市,37.834361,139.225877
佐渡市,38.018177,138.368259
魚沼市,37.23012,138.961511
南魚沼市,37.065527,138.876025
胎内市,38.05973,139.41034399999998
聖籠町,37.974513,139.274477
弥彦村,37.691034,138.855143
田上町,37.698688,139.05789199999998
阿賀町,37.675635,139.458696
出雲崎町,37.530716999999996,138.709385
湯沢町,36.933985,138.817451
津南町,37.014252,138.652575
刈羽村,37.422119,138.622508
関川村,38.089397,139.56499499999998
粟島浦村,38.468237,139.254435
富山県,36.695190000000004,137.211341
富山市,36.695801,137.213618
高岡市,36.754151,137.025997
魚津市,36.827376,137.40901200000002
氷見市,36.855973999999996,136.972874
滑川市,36.764435999999996,137.341216
黒部市,36.871446,137.44806
砺波市,36.647496999999994,136.962091
小矢部市,36.675436,136.86865500000002
南砺市,36.587893,136.91929199999998
射水市,36.730463,137.075475
舟橋村,36.703553,137.307387
上市町,36.698389,137.36257700000002
立山町,36.663335,137.313638
入善町,36.933557,137.50219099999998
朝日町,36.946309,137.559958
石川県,36.594652,136.625725
金沢市,36.560944,136.65676299999998
七尾市,37.04314,136.967326
小松市,36.408595,136.44564599999998
輪島市,37.390541999999996,136.899148
珠洲市,37.436408,137.26033600000002
加賀市,36.302802,136.314941
羽咋市,36.893682,136.77899
かほく市,36.719954,136.706615
白山市,36.514421,136.565522
能美市,36.446902,136.554183
野々市市,36.5199,136.609399
川北町,36.468843,136.54197
津幡町,36.66871,136.728336
内灘町,36.653459999999995,136.645039
志賀町,37.006278,136.778068
宝達志水町,36.862742,136.797629
中能登町,36.988894,136.901529
穴水町,37.231004999999996,136.912432
能登町,37.306532000000004,137.150074
福井県,36.065244,136.221791
福井市,36.064189,136.219374
敦賀市,35.645325,136.055546
小浜市,35.495587,135.746658
大野市,35.980509999999995,136.487599
勝山市,36.060864,136.500653
鯖江市,35.956590999999996,136.184493
あわら市,36.211465000000004,136.229074
越前市,35.903403999999995,136.169024
坂井市,36.166816,136.231704
永平寺町,36.092248,136.298785
池田町,35.890325,136.344173
南越前町,35.83508,136.194496
越前町,35.974166,136.129775
美浜町,35.600607000000004,135.94061499999998
高浜町,35.487904,135.54596899999999
おおい町,35.481142999999996,135.617862
若狭町,35.548946,135.908201
山梨県,35.663934999999995,138.568379
甲府市,35.662025,138.56825
富士吉田市,35.487407,138.808029
都留市,35.550791,138.905767
山梨市,35.693341,138.687344
大月市,35.610562,138.940011
韮崎市,35.708816,138.44630700000002
南アルプス市,35.608358,138.465057
北杜市,35.776070000000004,138.4235
甲斐市,35.660712,138.515829
笛吹市,35.647187,138.639847
上野原市,35.631285999999996,139.109437
甲州市,35.704285999999996,138.729424
中央市,35.599637,138.517275
市川三郷町,35.565377000000005,138.50221100000002
早川町,35.41263,138.363155
身延町,35.467819,138.44255
南部町,35.242282,138.486692
富士川町,35.561197,138.461308
昭和町,35.627967,138.535106
道志村,35.528129,139.03348400000002
西桂町,35.524153999999996,138.846969
忍野村,35.460106,138.847775
山中湖村,35.410641,138.860941
鳴沢村,35.481378,138.706623
富士河口湖町,35.501127000000004,138.76506
小菅村,35.760293,138.94028600000001
丹波山村,35.789735,138.922259
長野県,36.651309999999995,138.18099099999998
長野市,36.648533,138.19429499999998
松本市,36.237907,137.971994
上田市,36.40195,138.249074
岡谷市,36.066931,138.049384
飯田市,35.514717,137.82183799999999
諏訪市,36.039158,138.114017
須坂市,36.651175,138.306783
小諸市,36.326852,138.426036
伊那市,35.82743,137.953982
駒ヶ根市,35.72883,137.933932
中野市,36.742027,138.369497
大町市,36.502925,137.850944
飯山市,36.851652,138.365522
茅野市,35.995498,138.158765
塩尻市,36.11495,137.95361200000002
佐久市,36.248779,138.477005
千曲市,36.533821,138.119947
東御市,36.359401,138.33043
安曇野市,36.303933,137.905755
小海町,36.095040999999995,138.48363899999998
川上村,35.975423,138.57828500000002
南牧村,36.020888,138.492151
南相木村,36.036101,138.54691100000002
北相木村,36.059191,138.5512
佐久穂町,36.160984,138.483396
軽井沢町,36.348382,138.597046
御代田町,36.321244,138.508778
立科町,36.27205,138.31601899999998
青木村,36.369979,138.128614
長和町,36.256745,138.26863500000002
下諏訪町,36.069446,138.080155
富士見町,35.914592999999996,138.24076200000002
原村,35.96435,138.21741799999998
辰野町,35.982412,137.98758600000002
箕輪町,35.915003000000006,137.98195
飯島町,35.676614,137.920352
南箕輪村,35.872903,137.97502
中川村,35.634536,137.94596299999998
宮田村,35.76891,137.94429
松川町,35.597235999999995,137.909716
高森町,35.551491,137.87847
阿南町,35.323629,137.81618
阿智村,35.443835,137.74740400000002
平谷村,35.323352,137.630186
根羽村,35.253102,137.581202
下條村,35.397341,137.78595900000002
売木村,35.271159999999995,137.711107
天龍村,35.276357,137.854289
泰阜村,35.377306,137.84583700000002
喬木村,35.513829,137.87386
豊丘村,35.551435999999995,137.895774
大鹿村,35.578047,138.034597
上松町,35.784012,137.694146
南木曽町,35.603644,137.608913
木祖村,35.936355999999996,137.783159
王滝村,35.809339,137.55113300000002
大桑村,35.682858,137.664959
木曽町,35.842061,137.691334
麻績村,36.456161,138.045175
生坂村,36.425242,137.927571
山形村,36.168057,137.878935
朝日村,36.123585999999996,137.86623
筑北村,36.402762,138.011764
池田町,36.421271000000004,137.87463799999998
松川村,36.424113,137.85455
白馬村,36.698266,137.862105
小谷村,36.779064,137.908322
坂城町,36.461831,138.180134
小布施町,36.697725,138.312171
高山村,36.679784000000005,138.36316599999998
山ノ内町,36.744611,138.41260400000002
木島平村,36.858486,138.406712
野沢温泉村,36.922812,138.44056799999998
信濃町,36.80632,138.207041
小川村,36.617001,137.974541
飯綱町,36.754938,138.235622
栄村,36.987503000000004,138.577416
岐阜県,35.391199,136.72216799999998
岐阜市,35.423362,136.76080100000001
大垣市,35.359367,136.612847
高山市,36.145926,137.252289
多治見市,35.332744,137.132074
関市,35.495774,136.917895
中津川市,35.487545000000004,137.50062
美濃市,35.544739,136.907451
瑞浪市,35.361801,137.254478
羽島市,35.319956,136.703311
恵那市,35.449264,137.412858
美濃加茂市,35.440701000000004,137.016386
土岐市,35.352494,137.183291
各務原市,35.39881,136.84854199999998
可児市,35.425953,137.061022
山県市,35.506045,136.781296
瑞穂市,35.391837,136.69089499999998
飛騨市,36.238191,137.186128
本巣市,35.483046,136.678798
郡上市,35.748608000000004,136.964382
下呂市,35.805887,137.244186
海津市,35.220578,136.63657
岐南町,35.389616,136.782771
笠松町,35.367201,136.763247
養老町,35.308288,136.56143799999998
垂井町,35.370225,136.527024
関ケ原町,35.361531,136.46958700000002
神戸町,35.417471,136.608625
輪之内町,35.285043,136.637457
安八町,35.335398,136.665425
揖斐川町,35.486905,136.568044
大野町,35.470658,136.627621
池田町,35.442245,136.573017
北方町,35.435676,136.6844
坂祝町,35.426728000000004,136.985333
富加町,35.484777,136.979612
川辺町,35.486531,137.070574
七宗町,35.543748,137.119902
八百津町,35.476007,137.141652
白川町,35.582106,137.188365
東白川村,35.642519,137.323795
御嵩町,35.4344,137.130709
白川村,36.27093,136.89855
静岡県,34.976906,138.383023
静岡市,34.975045,138.383717
静岡市葵区,34.975045,138.383717
静岡市駿河区,34.960848999999996,138.40428300000002
静岡市清水区,35.015654,138.48968
浜松市,34.710837,137.72675900000002
浜松市中区,34.710837,137.72675900000002
浜松市東区,34.741325,137.791772
浜松市西区,34.69271,137.645317
浜松市南区,34.667333,137.7523
浜松市北区,34.806193,137.651023
浜松市浜北区,34.791628,137.78328100000002
浜松市天竜区,34.872643,137.816283
沼津市,35.095622999999996,138.863475
熱海市,35.096073,139.071651
三島市,35.118483000000005,138.91863600000002
富士宮市,35.222159000000005,138.621329
伊東市,34.965756,139.10193
島田市,34.836308,138.17604599999999
富士市,35.161362,138.676352
磐田市,34.717897,137.851496
焼津市,34.867056,138.323169
掛川市,34.768675,137.998516
藤枝市,34.867444,138.25776100000002
御殿場市,35.308709,138.93488100000002
袋井市,34.750229,137.924849
下田市,34.679497,138.94536499999998
裾野市,35.173976,138.906748
湖西市,34.718551,137.531723
伊豆市,34.976555,138.946831
御前崎市,34.638053,138.128057
菊川市,34.757646,138.084198
伊豆の国市,35.027771,138.928971
牧之原市,34.739959000000006,138.224707
東伊豆町,34.772769,139.041247
河津町,34.757073999999996,138.987474
南伊豆町,34.651089,138.858533
松崎町,34.752933,138.778737
西伊豆町,34.771682,138.775264
函南町,35.089055,138.953205
清水町,35.099095,138.902861
長泉町,35.137786,138.897083
小山町,35.360093,138.987345
吉田町,34.7709,138.252012
川根本町,35.046919,138.08169099999998
森町,34.835578999999996,137.92718
愛知県,35.180198,136.906739
名古屋市,35.181754,136.906489
名古屋市千種区,35.166453000000004,136.946403
名古屋市東区,35.179311,136.926071
名古屋市北区,35.194140999999995,136.911683
名古屋市西区,35.189309,136.89014699999998
名古屋市中村区,35.168699,136.872965
名古屋市中区,35.168673,136.910323
名古屋市昭和区,35.150203999999995,136.934044
名古屋市瑞穂区,35.131651,136.934933
名古屋市熱田区,35.128537,136.91023
名古屋市中川区,35.141591,136.85507900000002
名古屋市港区,35.107763,136.885605
名古屋市南区,35.095009999999995,136.931299
名古屋市守山区,35.203282,136.97653799999998
名古屋市緑区,35.070796,136.95232
名古屋市名東区,35.175897,137.010147
名古屋市天白区,35.12232,136.975846
豊橋市,34.769207,137.39151
岡崎市,34.954845,137.173023
一宮市,35.304126000000004,136.80246499999998
瀬戸市,35.223449,137.084082
半田市,34.892401,136.937827
春日井市,35.247496000000005,136.972176
豊川市,34.826811,137.375869
津島市,35.177112,136.741311
碧南市,34.884848,136.99365500000002
刈谷市,34.988946,137.002179
豊田市,35.083386,137.15641200000002
安城市,34.957840999999995,137.079616
西尾市,34.862491,137.06248300000001
蒲郡市,34.826389,137.21966
犬山市,35.378621,136.944144
常滑市,34.886567,136.832422
江南市,35.332125,136.870875
小牧市,35.290324,136.910908
稲沢市,35.248049,136.780304
新城市,34.899251,137.498495
東海市,35.022995,136.90238200000002
大府市,35.012246999999995,136.96318200000002
知多市,34.996635,136.864583
知立市,35.001279,137.050646
尾張旭市,35.216504,137.035282
高浜市,34.927593,136.987626
岩倉市,35.279936,136.871433
豊明市,35.053774,137.012789
日進市,35.131987,137.039423
田原市,34.669011,137.263529
愛西市,35.153009999999995,136.728508
清須市,35.199833,136.85288300000002
北名古屋市,35.245579,136.865963
弥富市,35.110003000000006,136.724704
みよし市,35.089771,137.074503
あま市,35.200526,136.78358400000002
長久手市,35.184092,137.048642
東郷町,35.096796999999995,137.052588
豊山町,35.250801,136.912125
大口町,35.332429,136.90778899999998
扶桑町,35.359235,136.913102
大治町,35.175419,136.82069199999998
蟹江町,35.132397,136.786854
飛島村,35.0788,136.7913
阿久比町,34.932590999999995,136.915607
東浦町,34.977113,136.965654
南知多町,34.715196999999996,136.929833
美浜町,34.778939,136.908195
武豊町,34.851264,136.914859
幸田町,34.864577000000004,137.165666
設楽町,35.097237,137.571438
東栄町,35.07693,137.697833
豊根村,35.146451,137.719719
三重県,34.730268,136.508594
津市,34.718576,136.505511
四日市市,34.965051,136.62438500000002
伊勢市,34.487442,136.70933300000002
松阪市,34.578009,136.527487
桑名市,35.062152000000005,136.683822
鈴鹿市,34.882084000000006,136.58408400000002
名張市,34.627548,136.108334
尾鷲市,34.070807,136.19102900000001
亀山市,34.855752,136.451598
鳥羽市,34.481279,136.843517
熊野市,33.888548,136.10020600000001
いなべ市,35.115701,136.561498
志摩市,34.328144,136.82969599999998
伊賀市,34.76859,136.12991
木曽岬町,35.075819,136.731067
東員町,35.074176,136.583636
菰野町,35.020164,136.50768300000001
朝日町,35.034126,136.66438
川越町,35.026794,136.670907
多気町,34.496075,136.546154
明和町,34.547709000000005,136.623479
大台町,34.393454,136.40858799999998
玉城町,34.490133,136.630924
度会町,34.43959,136.62135800000001
大紀町,34.358033,136.415947
南伊勢町,34.351901,136.703978
紀北町,34.109218,136.23138400000002
御浜町,33.814305,136.048766
紀宝町,33.733839,136.009609
滋賀県,35.004394,135.868292
大津市,35.017754,135.85471
彦根市,35.274344,136.25975
長浜市,35.380595,136.278249
近江八幡市,35.128327,136.0981
草津市,35.01295,135.959949
守山市,35.058861,135.99444499999998
栗東市,35.021561,135.99811200000002
甲賀市,34.966069,136.167153
野洲市,35.067417,136.025859
湖南市,35.004090999999995,136.084853
高島市,35.352996000000005,136.036385
東近江市,35.112691,136.20783899999998
米原市,35.31534,136.283996
日野町,35.018029,136.24618700000002
竜王町,35.060725,136.124515
愛荘町,35.168797,136.212339
豊郷町,35.200407,136.229949
甲良町,35.204240999999996,136.261391
多賀町,35.221989,136.292276
京都府,35.021279,135.755635
京都市,35.011641,135.76819
京都市北区,35.040972,135.754247
京都市上京区,35.029592,135.75663899999998
京都市左京区,35.048569,135.778548
京都市中京区,35.01003,135.75141399999998
京都市東山区,34.996976000000004,135.776384
京都市下京区,34.987588,135.755498
京都市南区,34.976616,135.746526
京都市右京区,35.010191,135.716095
京都市伏見区,34.936033,135.76142099999998
京都市山科区,34.972369,135.81371299999998
京都市西京区,34.985003999999996,135.693308
福知山市,35.296658,135.12638
舞鶴市,35.474724,135.38613
綾部市,35.298966,135.25872900000002
宇治市,34.884432000000004,135.799771
宮津市,35.535437,135.19550800000002
亀岡市,35.013472,135.573734
城陽市,34.853047,135.77991200000002
向日市,34.948674,135.698279
長岡京市,34.926704,135.695418
八幡市,34.875544,135.70764
京田辺市,34.814467,135.76772
京丹後市,35.624176,135.06104399999998
南丹市,35.107423,135.470038
木津川市,34.736836,135.820827
大山崎町,34.90279,135.688502
久御山町,34.881349,135.73286000000002
井手町,34.798608,135.803244
宇治田原町,34.852686,135.856849
笠置町,34.760419,135.939483
和束町,34.795693,135.904958
精華町,34.760805,135.785913
南山城村,34.772725,135.99375600000002
京丹波町,35.164345000000004,135.42318799999998
伊根町,35.674890999999995,135.272634
与謝野町,35.565294,135.152872
大阪府,34.686394,135.519994
大阪市,34.693837,135.502135
大阪市都島区,34.701337,135.528105
大阪市福島区,34.691448,135.47263700000002
大阪市此花区,34.683032,135.452222
大阪市西区,34.676283000000005,135.486025
大阪市港区,34.66384,135.460722
大阪市大正区,34.650231,135.472722
大阪市天王寺区,34.657814,135.519523
大阪市浪速区,34.659464,135.499291
大阪市西淀川区,34.711334,135.456083
大阪市東淀川区,34.741221,135.529437
大阪市東成区,34.670035,135.541187
大阪市生野区,34.653537,135.534577
大阪市旭区,34.721307,135.54426899999999
大阪市城東区,34.703199,135.544812
大阪市阿倍野区,34.638705,135.51857900000002
大阪市住吉区,34.603671999999996,135.50063600000001
大阪市東住吉区,34.622012,135.5268
大阪市西成区,34.634901,135.494311
大阪市淀川区,34.721024,135.486712
大阪市鶴見区,34.704392999999996,135.57421100000002
大阪市住之江区,34.609513,135.48275
大阪市平野区,34.621231,135.546309
大阪市北区,34.705475,135.510078
大阪市中央区,34.681172,135.509801
堺市,34.573684,135.482861
堺市堺区,34.573684,135.482861
堺市中区,34.528228999999996,135.498854
堺市東区,34.538384,135.5364
堺市西区,34.534695,135.463896
堺市南区,34.486523,135.490506
堺市北区,34.565508,135.517114
堺市美原区,34.538716,135.560744
岸和田市,34.460361,135.37106799999998
豊中市,34.781242999999996,135.469913
池田市,34.821599,135.428472
吹田市,34.759413,135.516826
泉大津市,34.504329,135.41034199999999
高槻市,34.846016999999996,135.617288
貝塚市,34.437642,135.35851399999999
守口市,34.735811,135.561724
枚方市,34.814493,135.65084099999999
茨木市,34.816352,135.568515
八尾市,34.626847,135.600877
泉佐野市,34.406783000000004,135.327352
富田林市,34.499194,135.597158
寝屋川市,34.766137,135.628066
河内長野市,34.458186,135.563937
松原市,34.577906,135.55174399999999
大東市,34.712004,135.623373
和泉市,34.483554,135.423618
箕面市,34.82696,135.47046799999998
柏原市,34.579269000000004,135.628654
羽曳野市,34.557882,135.606212
門真市,34.739334,135.58759799999999
摂津市,34.777079,135.562072
高石市,34.520661,135.44233799999998
藤井寺市,34.574574,135.59743400000002
東大阪市,34.679472,135.60089299999999
泉南市,34.365899,135.273494
四條畷市,34.740111999999996,135.63948200000002
交野市,34.787968,135.680033
大阪狭山市,34.503609000000004,135.55555
阪南市,34.359538,135.239609
島本町,34.88393,135.662811
豊能町,34.918981,135.49402
能勢町,34.972446999999995,135.414221
忠岡町,34.486914,135.401204
熊取町,34.401257,135.356042
田尻町,34.393729,135.29115900000002
岬町,34.316874,135.142256
太子町,34.518581,135.647986
河南町,34.491611999999996,135.62973799999997
千早赤阪村,34.464531,135.6226
兵庫県,34.691303999999995,135.182995
神戸市,34.69011,135.19546599999998
神戸市東灘区,34.720136,135.265571
神戸市灘区,34.712362,135.239351
神戸市兵庫区,34.680528,135.165302
神戸市長田区,34.665418,135.150859
神戸市須磨区,34.658588,135.133724
神戸市垂水区,34.630643,135.056979
神戸市北区,34.727216999999996,135.144442
神戸市中央区,34.695082,135.197799
神戸市西区,34.683164,134.981596
姫路市,34.815368,134.685485
尼崎市,34.733359,135.40639199999998
明石市,34.643085,134.997512
西宮市,34.737829,135.341897
洲本市,34.342534,134.895611
芦屋市,34.726913,135.30428899999998
伊丹市,34.784242,135.400808
相生市,34.803616999999996,134.468147
豊岡市,35.544486,134.820095
加古川市,34.756755,134.841241
赤穂市,34.754898,134.390267
西脇市,34.993355,134.969344
宝塚市,34.799960999999996,135.360367
三木市,34.796707,134.99006599999998
高砂市,34.765904,134.79053000000002
川西市,34.830042,135.417111
小野市,34.853173,134.931543
三田市,34.889534999999995,135.225351
加西市,34.927858,134.84188600000002
篠山市,35.075741,135.21923700000002
養父市,35.40464,134.767493
丹波市,35.177144,135.035889
南あわじ市,34.294422,134.779869
朝来市,35.339676000000004,134.85307
淡路市,34.439819,134.91423799999998
宍粟市,35.004417,134.549466
加東市,34.917362,134.973484
たつの市,34.857918,134.545415
猪名川町,34.894981,135.376087
多可町,35.050126,134.923347
稲美町,34.748683,134.913597
播磨町,34.715215,134.868133
市川町,34.989434,134.763169
福崎町,34.950243,134.76017
神河町,35.06426,134.73939199999998
太子町,34.833281,134.57221299999998
上郡町,34.87358,134.35601699999998
佐用町,35.004287,134.355901
香美町,35.632186,134.629178
新温泉町,35.623444,134.449266
奈良県,34.685231,135.832883
奈良市,34.685064000000004,135.80483
大和高田市,34.514887,135.73645
大和郡山市,34.649345000000004,135.782777
天理市,34.596602000000004,135.83719
橿原市,34.509278,135.79255600000002
桜井市,34.518694,135.843191
五條市,34.352044,135.693735
御所市,34.463366,135.740201
生駒市,34.691924,135.700422
香芝市,34.541244,135.69900800000002
葛城市,34.489196,135.726507
宇陀市,34.528062,135.952722
山添村,34.681319,136.043894
平群町,34.629151,135.700617
三郷町,34.600126,135.695563
斑鳩町,34.608876,135.730643
安堵町,34.606571,135.756697
川西町,34.584324,135.774057
三宅町,34.573687,135.77314099999998
田原本町,34.556661,135.795028
曽爾村,34.510647,136.12458600000002
御杖村,34.487928000000004,136.165998
高取町,34.449508,135.793058
明日香村,34.471228,135.820583
上牧町,34.562686,135.71659
王寺町,34.594654999999996,135.706812
広陵町,34.542773,135.750921
河合町,34.578441999999995,135.736527
吉野町,34.396042,135.857637
大淀町,34.390653,135.789837
下市町,34.361073,135.791977
黒滝村,34.30919,135.85222199999998
天川村,34.241892,135.85530500000002
野迫川村,34.166232,135.632993
十津川村,33.988503,135.792481
下北山村,34.005086999999996,135.955244
上北山村,34.134295,136.000155
川上村,34.338246000000005,135.954325
東吉野村,34.403488,135.96821200000002
和歌山県,34.225994,135.16745
和歌山市,34.230411,135.17081000000002
海南市,34.155559999999994,135.20914199999999
橋本市,34.314658,135.605215
有田市,34.083012,135.12776200000002
御坊市,33.891397,135.152374
田辺市,33.728003,135.37769
新宮市,33.724121000000004,135.992493
紀の川市,34.269659999999995,135.362598
岩出市,34.2563,135.31118700000002
紀美野町,34.167033,135.308106
かつらぎ町,34.296298,135.50405800000001
九度山町,34.287244,135.56222
高野町,34.216167999999996,135.586552
湯浅町,34.029403,135.19044399999999
広川町,34.029993,135.17306399999998
有田川町,34.057463,135.216198
美浜町,33.893646999999994,135.13332
日高町,33.925643,135.140875
由良町,33.959306,135.118376
印南町,33.819617,135.222631
みなべ町,33.772413,135.321528
日高川町,33.911674,135.185982
白浜町,33.678175,135.348165
上富田町,33.69623,135.428908
すさみ町,33.550193,135.49670600000002
那智勝浦町,33.626077,135.940916
太地町,33.594053,135.94394499999999
古座川町,33.53192,135.814819
北山村,33.932068,135.969409
串本町,33.472536,135.781375
鳥取県,35.503704,134.238174
鳥取市,35.501037,134.235175
米子市,35.428084999999996,133.331006
倉吉市,35.430037,133.825602
境港市,35.539627,133.231594
岩美町,35.575809,134.33196999999998
若桜町,35.339725,134.401441
智頭町,35.26512,134.226571
八頭町,35.409048,134.250843
三朝町,35.408513,133.86248899999998
湯梨浜町,35.489892,133.864792
琴浦町,35.495333,133.692809
北栄町,35.490029,133.758469
日吉津村,35.440279,133.38053
大山町,35.510689,133.495934
南部町,35.340343,133.326704
伯耆町,35.385257,133.407389
日南町,35.163716,133.305776
日野町,35.240829999999995,133.44278
江府町,35.283159000000005,133.488553
島根県,35.472212,133.05053
松江市,35.468101000000004,133.04853
浜田市,34.899238000000004,132.079916
出雲市,35.367034999999994,132.754682
益田市,34.674978,131.842745
大田市,35.192209000000005,132.49962299999999
安来市,35.431611,133.250845
江津市,35.011395,132.220986
雲南市,35.307735,132.900317
奥出雲町,35.197465,133.00251200000002
飯南町,35.000035,132.713874
川本町,34.995242,132.495794
美郷町,35.076696000000005,132.591201
邑南町,34.893966,132.437803
津和野町,34.543665999999995,131.838445
吉賀町,34.353543,131.93508
海士町,36.096534999999996,133.096894
西ノ島町,36.093199,132.994347
知夫村,36.014181,133.03979099999998
隠岐の島町,36.209138,133.321897
岡山県,34.661759,133.93489399999999
岡山市,34.655093,133.91981299999998
岡山市北区,34.655093,133.91981299999998
岡山市中区,34.670837,133.943148
岡山市東区,34.651357,134.029498
岡山市南区,34.599768,133.919566
倉敷市,34.585041,133.772048
津山市,35.069328999999996,134.004376
玉野市,34.491945,133.945898
笠岡市,34.507077,133.507296
井原市,34.597708000000004,133.46376999999998
総社市,34.672837,133.746548
高梁市,34.79138,133.616749
新見市,34.977135,133.470287
備前市,34.745089,134.18809
瀬戸内市,34.664845,134.092823
赤磐市,34.755334999999995,134.018856
真庭市,35.075623,133.752708
美作市,35.008477,134.148725
浅口市,34.527879999999996,133.584901
和気町,34.802887,134.15756399999998
早島町,34.600652000000004,133.828348
里庄町,34.513715000000005,133.55687700000001
矢掛町,34.627621000000005,133.58712
新庄村,35.179449,133.567881
鏡野町,35.091825,133.933076
勝央町,35.041862,134.11611499999998
奈義町,35.123049,134.17758
西粟倉村,35.171325,134.336397
久米南町,34.929231,133.960828
美咲町,34.997892,133.958244
吉備中央町,34.862402,133.693797
広島県,34.396271,132.45936899999998
広島市,34.385216,132.45537
広島市中区,34.386188,132.455203
広島市東区,34.395299,132.482617
広島市南区,34.379884000000004,132.469147
広島市西区,34.39391,132.43445400000002
広島市安佐南区,34.451933000000004,132.471588
広島市安佐北区,34.518259,132.507722
広島市安芸区,34.371747,132.52555900000002
広島市佐伯区,34.364551,132.360875
呉市,34.24904,132.565945
竹原市,34.341758,132.90696599999998
三原市,34.397419,133.078668
尾道市,34.408892,133.204994
福山市,34.485857,133.36236499999998
府中市,34.568346000000005,133.236401
三次市,34.805701,132.851737
庄原市,34.857809,133.016552
大竹市,34.237924,132.222309
東広島市,34.426802,132.743592
廿日市市,34.348607,132.331519
安芸高田市,34.666299,132.703954
江田島市,34.174958000000004,132.462174
府中町,34.392466999999996,132.50431
海田町,34.372164,132.536224
熊野町,34.33592,132.58438700000002
坂町,34.341445,132.51378300000002
安芸太田町,34.576747,132.227049
北広島町,34.674490999999996,132.538219
大崎上島町,34.269573,132.915216
世羅町,34.586824,133.0565
神石高原町,34.703691,133.247841
山口県,34.185859,131.47140100000001
下関市,33.957844,130.94134
宇部市,33.951516999999996,131.246677
山口市,34.178332,131.473901
萩市,34.408113,131.39920700000002
防府市,34.051817,131.562759
下松市,34.014996000000004,131.870261
岩国市,34.166903000000005,132.21975600000002
光市,33.961782,131.942229
長門市,34.370973,131.18228
柳井市,33.963786,132.101661
美祢市,34.166632,131.205675
周南市,34.055296000000006,131.806183
山陽小野田市,34.003177,131.181847
周防大島町,33.92843,132.19570900000002
和木町,34.202233,132.220171
上関町,33.830884000000005,132.110717
田布施町,33.954646999999994,132.041359
平生町,33.937955,132.073302
阿武町,34.504076,131.470782
徳島県,34.065728,134.559484
徳島市,34.070172,134.55473500000002
鳴門市,34.172078000000006,134.60933899999998
小松島市,34.004708,134.59059299999998
阿南市,33.921746999999996,134.659557
吉野川市,34.066365000000005,134.358587
阿波市,34.102184,134.297304
美馬市,34.053336,134.169855
三好市,34.025863,133.807252
勝浦町,33.931438,134.511379
上勝町,33.888945,134.40188999999998
佐那河内村,33.993152,134.453327
石井町,34.074725,134.440579
神山町,33.967237,134.350533
那賀町,33.857461,134.496466
牟岐町,33.668195000000004,134.42072199999998
美波町,33.734575,134.535515
海陽町,33.602065,134.352035
松茂町,34.133915,134.580231
北島町,34.125527000000005,134.546928
藍住町,34.126471,134.495601
板野町,34.144246,134.462604
上板町,34.121414,134.404999
つるぎ町,34.037282,134.064032
東みよし町,34.037141,133.936709
香川県,34.34016,134.04339
高松市,34.342797999999995,134.04666799999998
丸亀市,34.289386,133.797636
坂出市,34.31641,133.86051799999998
善通寺市,34.228449,133.78711
観音寺市,34.127426,133.661291
さぬき市,34.325278000000004,134.172078
東かがわ市,34.243733,134.358834
三豊市,34.146824,133.694881
土庄町,34.485977,134.18568100000002
小豆島町,34.479665999999995,134.309007
三木町,34.268364,134.134493
直島町,34.460006,133.99561699999998
宇多津町,34.310495,133.82543700000002
綾川町,34.249502,133.923127
琴平町,34.191481,133.82333
多度津町,34.272443,133.753696
まんのう町,34.192342,133.84135700000002
愛媛県,33.841646000000004,132.76610300000002
松山市,33.839201,132.765575
今治市,34.066041,132.997663
宇和島市,33.223212,132.56049299999998
八幡浜市,33.462903000000004,132.423333
新居浜市,33.960283000000004,133.283276
西条市,33.919563000000004,133.181227
大洲市,33.506291,132.544656
伊予市,33.757459000000004,132.703831
四国中央市,33.980757000000004,133.54927800000002
西予市,33.363,132.511023
東温市,33.791098,132.871871
上島町,34.257521999999994,133.20443999999998
久万高原町,33.655644,132.901701
松前町,33.787512,132.711497
砥部町,33.749268,132.792211
内子町,33.532903000000005,132.658074
伊方町,33.488203999999996,132.35411499999998
松野町,33.227189,132.710896
鬼北町,33.255796000000004,132.684092
愛南町,32.962436,132.583745
高知県,33.559753,133.531115
高知市,33.558781,133.531337
室戸市,33.289934,134.15202299999999
安芸市,33.502379,133.907163
南国市,33.575531,133.64146499999998
土佐市,33.495979999999996,133.425375
須崎市,33.400684000000005,133.282972
宿毛市,32.938888,132.726205
土佐清水市,32.781496000000004,132.95496599999998
四万十市,32.991639,132.93393500000002
香南市,33.564116999999996,133.700516
香美市,33.603834,133.686184
東洋町,33.527962,134.280071
奈半利町,33.423614,134.021039
田野町,33.427669,134.00823400000002
安田町,33.438445,133.98118200000002
北川村,33.44786,134.042147
馬路村,33.555486,134.04848
芸西村,33.526928000000005,133.809061
本山町,33.756979,133.591525
大豊町,33.764257,133.664269
土佐町,33.737396000000004,133.532502
大川村,33.783695,133.466619
いの町,33.548668,133.42779199999998
仁淀川町,33.575325,133.16823200000002
中土佐町,33.327414000000005,133.22823
佐川町,33.500838,133.286721
越知町,33.532889000000004,133.252057
梼原町,33.391999,132.92728799999998
日高村,33.534724,133.37338
津野町,33.446566,133.199399
四万十町,33.211656,133.13708400000002
大月町,32.841481,132.70699
三原村,32.90609,132.84725
黒潮町,33.024861,133.010927
福岡県,33.606260999999996,130.418114
北九州市,33.883406,130.875179
北九州市門司区,33.941207,130.959698
北九州市若松区,33.905485999999996,130.811184
北九州市戸畑区,33.894653999999996,130.829377
北九州市小倉北区,33.88074,130.87368
北九州市小倉南区,33.84641,130.88470800000002
北九州市八幡東区,33.863546,130.81188
北九州市八幡西区,33.866376,130.764265
福岡市,33.590096,130.401754
福岡市東区,33.61776,130.417419
福岡市博多区,33.591402,130.414864
福岡市中央区,33.589207,130.393032
福岡市南区,33.561543,130.42658600000001
福岡市西区,33.582848,130.323116
福岡市城南区,33.575708,130.369868
福岡市早良区,33.581818,130.34837
大牟田市,33.030348,130.44601200000002
久留米市,33.319291,130.508389
直方市,33.743947,130.729641
飯塚市,33.645903000000004,130.691449
田川市,33.638821,130.806136
柳川市,33.163111,130.405955
八女市,33.211831,130.557888
筑後市,33.212247,130.502115
大川市,33.20655,130.383902
行橋市,33.728703,130.982981
豊前市,33.611523999999996,131.130276
中間市,33.816596000000004,130.709115
小郡市,33.396507,130.555579
筑紫野市,33.496386,130.51560700000002
春日市,33.53266,130.470305
大野城市,33.536297999999995,130.478832
宗像市,33.805547999999995,130.540515
太宰府市,33.51285,130.523883
古賀市,33.72875,130.470051
福津市,33.766801,130.491104
うきは市,33.347462,130.754922
宮若市,33.723531,130.66670200000002
嘉麻市,33.563215,130.711534
朝倉市,33.423451,130.665514
みやま市,33.152446999999995,130.474784
糸島市,33.557369,130.195638
那珂川市,33.499494,130.422255
宇美町,33.567766999999996,130.511162
篠栗町,33.623844,130.526242
志免町,33.591443,130.479794
須恵町,33.587209,130.507246
新宮町,33.715139,130.44658
久山町,33.646703,130.500022
粕屋町,33.610841,130.480672
芦屋町,33.893733000000005,130.663893
水巻町,33.854743,130.694906
岡垣町,33.853526,130.61161299999998
遠賀町,33.848045,130.668198
小竹町,33.692452,130.712782
鞍手町,33.792051,130.674672
桂川町,33.578852000000005,130.67812
筑前町,33.457057,130.595158
東峰村,33.397319,130.86994199999998
大刀洗町,33.372399,130.622407
大木町,33.210412,130.439786
広川町,33.241439,130.551388
香春町,33.667958,130.847327
添田町,33.571746000000005,130.854079
糸田町,33.652813,130.779103
川崎町,33.599992,130.81538600000002
大任町,33.612325,130.852133
赤村,33.616658,130.870826
福智町,33.681846,130.775997
苅田町,33.776032,130.980479
みやこ町,33.699205,130.920404
吉富町,33.60272,131.17596699999999
上毛町,33.578332,131.164412
築上町,33.656129,131.056143
佐賀県,33.249322,130.298799
佐賀市,33.263376,130.300771
唐津市,33.450018,129.96846200000002
鳥栖市,33.377788,130.506002
多久市,33.288538,130.110118
伊万里市,33.264757,129.880833
武雄市,33.193740000000005,130.0191
鹿島市,33.104084,130.098622
小城市,33.273672,130.216859
嬉野市,33.128331,130.059653
神埼市,33.310735,130.372985
吉野ヶ里町,33.321178,130.398899
基山町,33.427032000000004,130.523138
上峰町,33.319539,130.426204
みやき町,33.324846,130.454285
玄海町,33.472235999999995,129.874772
有田町,33.211363,129.848904
大町町,33.213878,130.116036
江北町,33.220461,130.15731100000002
白石町,33.181076000000004,130.143504
太良町,33.01951,130.179176
長崎県,32.749990000000004,129.867628
長崎市,32.750252,129.877792
佐世保市,33.179873,129.715404
島原市,32.788061,130.370499
諫早市,32.844190000000005,130.053609
大村市,32.900017,129.95825200000002
平戸市,33.368045,129.553773
松浦市,33.341190000000005,129.70915
対馬市,34.202726,129.287294
壱岐市,33.749897,129.691251
五島市,32.695567,128.84092900000002
西海市,32.933147,129.64311
雲仙市,32.835111,130.18751
南島原市,32.659738,130.297705
長与町,32.825189,129.875095
時津町,32.828882,129.84854099999998
東彼杵町,33.036975,129.917141
川棚町,33.072665,129.861478
波佐見町,33.138159,129.895611
小値賀町,33.191025,129.059038
佐々町,33.238366,129.650408
新上五島町,32.984464,129.073377
熊本県,32.790374,130.74113400000002
熊本市,32.803233,130.708135
熊本市中央区,32.803233,130.708135
熊本市東区,32.780522999999995,130.768069
熊本市西区,32.776351,130.64756599999998
熊本市南区,32.715354,130.678929
熊本市北区,32.903555,130.694408
八代市,32.507589,130.601821
人吉市,32.216889,130.73939199999998
荒尾市,32.986740999999995,130.43318100000002
水俣市,32.211865,130.408795
玉名市,32.935212,130.562773
山鹿市,33.017576,130.691365
菊池市,32.979663,130.813152
宇土市,32.687437,130.65831
上天草市,32.587497,130.430501
宇城市,32.647802,130.684281
阿蘇市,32.952087,131.121378
天草市,32.458643,130.193082
合志市,32.885921,130.78976699999998
美里町,32.639611,130.78883100000002
玉東町,32.918915999999996,130.62852900000001
南関町,33.061567,130.541309
長洲町,32.929747,130.45276299999998
和水町,32.978161,130.605723
大津町,32.878951,130.86820600000001
菊陽町,32.862507,130.82868200000001
南小国町,33.098185,131.070881
小国町,33.121517,131.068296
産山村,32.995501000000004,131.216787
高森町,32.827209,131.122019
西原村,32.834706,130.903065
南阿蘇村,32.845112,131.017788
御船町,32.714521000000005,130.801883
嘉島町,32.739934000000005,130.757301
益城町,32.791402000000005,130.816407
甲佐町,32.651435,130.811237
山都町,32.68547,130.990467
氷川町,32.582364,130.67373
芦北町,32.298914,130.493088
津奈木町,32.233973999999996,130.440263
錦町,32.201071,130.841092
多良木町,32.264178,130.935917
湯前町,32.276151,130.981024
水上村,32.314370000000004,131.009548
相良村,32.235344,130.798067
五木村,32.397206,130.828092
山江村,32.246342,130.767319
球磨村,32.252672,130.65135700000002
あさぎり町,32.240365000000004,130.897817
苓北町,32.513081,130.054784
大分県,33.238128,131.612605
大分市,33.239461,131.60968799999998
別府市,33.284619,131.491172
中津市,33.598277,131.188188
日田市,33.321135999999996,130.94135500000002
佐伯市,32.960190999999995,131.899504
臼杵市,33.125921999999996,131.804646
津久見市,33.072402000000004,131.86117099999998
竹田市,32.973175,131.39840800000002
豊後高田市,33.556173,131.447046
杵築市,33.417003,131.616374
宇佐市,33.53201,131.349481
豊後大野市,32.978041,131.585058
由布市,33.180099,131.426761
国東市,33.563333,131.73238500000002
姫島村,33.724453999999994,131.645136
日出町,33.369473,131.532528
九重町,33.228454,131.188783
玖珠町,33.283282,131.151283
宮崎県,31.910975,131.42386299999998
宮崎市,31.90767,131.420197
都城市,31.719596000000003,131.06161799999998
延岡市,32.582306,131.664898
日南市,31.601948999999998,131.378738
小林市,31.99665,130.972726
日向市,32.422791,131.62393400000002
串間市,31.464571999999997,131.22864099999998
西都市,32.108512,131.401327
えびの市,32.045477000000005,130.810991
三股町,31.730707000000002,131.124975
高原町,31.928379,131.00786499999998
国富町,31.99066,131.323561
綾町,31.999074,131.25300900000002
高鍋町,32.128066,131.503287
新富町,32.068907,131.487849
西米良村,32.226354,131.15445400000002
木城町,32.163786,131.473347
川南町,32.192060999999995,131.525896
都農町,32.256555999999996,131.559695
門川町,32.469759,131.648819
諸塚村,32.512189,131.330318
椎葉村,32.467346,131.158377
美郷町,32.440255,131.423201
高千穂町,32.711726,131.307756
日之影町,32.653788,131.38808400000002
五ヶ瀬町,32.68292,131.19618400000002
鹿児島県,31.560184999999997,130.55814099999998
鹿児島市,31.596791999999997,130.55733500000002
鹿屋市,31.378266999999997,130.85220800000002
枕崎市,31.27285,130.296868
阿久根市,32.014356,130.19262
出水市,32.090461,130.352691
指宿市,31.252803000000004,130.633117
西之表市,30.732478000000004,130.99736000000001
垂水市,31.492722999999998,130.70102
薩摩川内市,31.813211,130.304205
日置市,31.63373,130.402204
曽於市,31.65349,131.019182
霧島市,31.741031,130.76306100000002
いちき串木野市,31.714579999999998,130.271962
南さつま市,31.416611,130.323444
志布志市,31.495344,131.04543600000002
奄美市,28.377245000000002,129.49383799999998
南九州市,31.378314000000003,130.441767
伊佐市,32.05708,130.612949
姶良市,31.728225,130.627824
三島村,31.594502000000002,130.56071200000002
十島村,31.593287,130.560565
さつま町,31.906231,130.455301
長島町,32.199295,130.176929
湧水町,31.951677,130.721141
大崎町,31.429239000000003,131.00585900000002
東串良町,31.385680999999998,130.973332
錦江町,31.243502000000003,130.787634
南大隅町,31.217337,130.768247
肝付町,31.344661,130.94522800000001
中種子町,30.532940999999997,130.95851000000002
南種子町,30.413227000000003,130.901104
屋久島町,30.371159999999996,130.665309
大和村,28.358022,129.395235
宇検村,28.280775,129.297411
瀬戸内町,28.14651,129.314721
龍郷町,28.413161,129.589328
喜界町,28.316855,129.939988
徳之島町,27.72659,129.018699
天城町,27.809217999999998,128.89773200000002
伊仙町,27.673564000000002,128.937598
和泊町,27.39217,128.655241
知名町,27.333536,128.573694
与論町,27.048501,128.414829
沖縄県,26.212365,127.680975
那覇市,26.212295,127.67921799999999
宜野湾市,26.281610999999998,127.77843700000001
石垣市,24.340682,124.155592
浦添市,26.245834999999996,127.721832
名護市,26.591671,127.97760500000001
糸満市,26.124284,127.666312
沖縄市,26.334218,127.805683
豊見城市,26.161087,127.669191
うるま市,26.379186999999998,127.857427
宮古島市,24.805412,125.281176
南城市,26.144401000000002,127.766833
国頭村,26.745690000000003,128.178029
大宜味村,26.701596999999996,128.120395
東村,26.633019,128.156148
今帰仁村,26.682552,127.972796
本部町,26.658078999999997,127.89810800000001
恩納村,26.497398999999998,127.853646
宜野座村,26.481596999999997,127.97563600000001
金武町,26.45621,127.925975
伊江村,26.713459999999998,127.80708600000001
読谷村,26.396155,127.74443500000001
嘉手納町,26.36177,127.75538
北谷町,26.319940999999996,127.763825
北中城村,26.301053999999997,127.793074
中城村,26.267668,127.79127
西原町,26.222837,127.758844
与那原町,26.199451999999997,127.75480300000001
南風原町,26.191063,127.72858400000001
渡嘉敷村,26.197385,127.364333
座間味村,26.228908,127.303253
粟国村,26.582344,127.22719199999999
渡名喜村,26.372141,127.141066
南大東村,25.828903,131.23191
北大東村,25.945754,131.29876299999998
伊平屋村,27.039238,127.968671
伊是名村,26.928359999999998,127.94123400000001
久米島町,26.340690000000002,126.804929
八重瀬町,26.158219,127.718728
多良間村,24.66936,124.70158700000002
竹富町,24.339766,124.154453
与那国町,24.467957000000002,123.00459199999999
