,Infected,score,infected_scaled,score_scaled
2020-08-31,430.0,0.0,0.008345682864051164,0.005
2020-08-31,430.0,-3.0,0.008345682864051164,0.00125
2020-08-31,430.0,-3.0,0.008345682864051164,0.00125
2020-08-31,430.0,2.0,0.008345682864051164,0.0075
2020-09-01,624.0,-2.0,0.015911395366976055,0.0025
2020-09-01,624.0,0.0,0.015911395366976055,0.005
2020-09-02,585.0,-2.0,0.014390453162779815,0.0025
2020-09-02,585.0,0.0,0.014390453162779815,0.005
2020-09-02,585.0,-2.0,0.014390453162779815,0.0025
2020-09-02,585.0,3.0,0.014390453162779815,0.00875
2020-09-02,585.0,-2.0,0.014390453162779815,0.0025
2020-09-03,654.0,-3.0,0.01708135090866547,0.00125
2020-09-03,654.0,-2.0,0.01708135090866547,0.0025
2020-09-03,654.0,0.0,0.01708135090866547,0.005
2020-09-04,582.0,-4.0,0.014273457608610873,0.0
2020-09-04,582.0,-1.0,0.014273457608610873,0.00375
2020-09-04,582.0,-2.0,0.014273457608610873,0.0025
2020-09-05,598.0,-4.0,0.014897433897511893,0.0
2020-09-05,598.0,-2.0,0.014897433897511893,0.0025
2020-09-05,598.0,4.0,0.014897433897511893,0.01
2020-09-05,598.0,-3.0,0.014897433897511893,0.00125
2020-09-06,447.0,-3.0,0.009008657671008502,0.00125
2020-09-07,285.0,0.0,0.0026908977458856564,0.005
2020-09-07,285.0,-3.0,0.0026908977458856564,0.00125
2020-09-07,285.0,-2.0,0.0026908977458856564,0.0025
2020-09-08,510.0,-3.0,0.011465564308556275,0.00125
2020-09-08,510.0,-1.0,0.011465564308556275,0.00375
2020-09-09,507.0,-1.0,0.011348568754387334,0.00375
2020-09-09,507.0,-2.0,0.011348568754387334,0.0025
2020-09-09,507.0,-1.0,0.011348568754387334,0.00375
2020-09-10,709.0,-2.0,0.01922626940176273,0.0025
2020-09-10,709.0,0.0,0.01922626940176273,0.005
2020-09-11,637.0,-1.0,0.016418376101708133,0.00375
2020-09-11,637.0,-1.0,0.016418376101708133,0.00375
2020-09-11,637.0,-1.0,0.016418376101708133,0.00375
2020-09-12,639.0,-3.0,0.016496373137820763,0.00125
2020-09-12,639.0,0.0,0.016496373137820763,0.005
2020-09-13,438.0,-3.0,0.008657671008501677,0.00125
2020-09-13,438.0,-1.0,0.008657671008501677,0.00375
2020-09-14,262.0,-1.0,0.001793931830590437,0.00375
2020-09-14,262.0,4.0,0.001793931830590437,0.01
2020-09-14,262.0,4.0,0.001793931830590437,0.01
2020-09-14,262.0,-4.0,0.001793931830590437,0.0
2020-09-14,262.0,-3.0,0.001793931830590437,0.00125
2020-09-14,262.0,4.0,0.001793931830590437,0.01
2020-09-15,530.0,-1.0,0.012245534669682551,0.00375
2020-09-15,530.0,-1.0,0.012245534669682551,0.00375
2020-09-16,543.0,-4.0,0.012752515404414633,0.0
2020-09-16,543.0,-2.0,0.012752515404414633,0.0025
2020-09-17,478.0,0.0,0.01021761173075423,0.005
2020-09-17,478.0,-4.0,0.01021761173075423,0.0
2020-09-18,569.0,-3.0,0.013766476873878792,0.00125
2020-09-18,569.0,-4.0,0.013766476873878792,0.0
2020-09-19,592.0,-1.0,0.01466344278917401,0.00375
2020-09-19,592.0,-1.0,0.01466344278917401,0.00375
2020-09-19,592.0,4.0,0.01466344278917401,0.01
2020-09-20,469.0,-3.0,0.009866625068247405,0.00125
2020-09-20,469.0,-3.0,0.009866625068247405,0.00125
2020-09-21,306.0,-4.0,0.0035098666250682475,0.0
2020-09-21,306.0,-4.0,0.0035098666250682475,0.0
2020-09-22,321.0,0.0,0.0040948443959129555,0.005
2020-09-22,321.0,-3.0,0.0040948443959129555,0.00125
2020-09-23,216.0,-4.0,0.0,0.0
2020-09-23,216.0,-3.0,0.0,0.00125
2020-09-23,216.0,-4.0,0.0,0.0
2020-09-23,216.0,-2.0,0.0,0.0025
2020-09-23,216.0,-2.0,0.0,0.0025
2020-09-24,475.0,0.0,0.010100616176585288,0.005
2020-09-24,475.0,-2.0,0.010100616176585288,0.0025
2020-09-25,567.0,-2.0,0.013688479837766165,0.0025
2020-09-25,567.0,-3.0,0.013688479837766165,0.00125
2020-09-25,567.0,-1.0,0.013688479837766165,0.00375
2020-09-25,567.0,-3.0,0.013688479837766165,0.00125
2020-09-26,634.0,-1.0,0.016301380547539192,0.00375
2020-09-26,634.0,-3.0,0.016301380547539192,0.00125
2020-09-27,478.0,-2.0,0.01021761173075423,0.0025
2020-09-27,478.0,-4.0,0.01021761173075423,0.0
2020-09-28,294.0,3.0,0.003041884408392481,0.00875
2020-09-28,294.0,-3.0,0.003041884408392481,0.00125
2020-09-29,527.0,-4.0,0.01212853911551361,0.0
2020-09-29,527.0,-1.0,0.01212853911551361,0.00375
2020-09-29,527.0,-4.0,0.01212853911551361,0.0
2020-09-29,527.0,-3.0,0.01212853911551361,0.00125
2020-09-29,527.0,-1.0,0.01212853911551361,0.00375
2020-09-30,569.0,1.0,0.013766476873878792,0.00625
2020-09-30,569.0,-4.0,0.013766476873878792,0.0
2020-09-30,569.0,0.0,0.013766476873878792,0.005
2020-10-01,619.0,0.0,0.015716402776694484,0.005
2020-10-01,619.0,-1.0,0.015716402776694484,0.00375
2020-10-02,537.0,-2.0,0.01251852429607675,0.0025
2020-10-02,537.0,3.0,0.01251852429607675,0.00875
2020-10-02,537.0,-1.0,0.01251852429607675,0.00375
2020-10-03,562.0,0.0,0.013493487247484594,0.005
2020-10-04,394.0,-2.0,0.006941736214023867,0.0025
2020-10-04,394.0,-4.0,0.006941736214023867,0.0
2020-10-04,394.0,-2.0,0.006941736214023867,0.0025
2020-10-05,269.0,3.0,0.0020669214569846335,0.00875
2020-10-05,269.0,-1.0,0.0020669214569846335,0.00375
2020-10-05,269.0,3.0,0.0020669214569846335,0.00875
2020-10-06,495.0,-3.0,0.010880586537711567,0.00125
2020-10-06,495.0,-2.0,0.010880586537711567,0.0025
2020-10-06,495.0,-4.0,0.010880586537711567,0.0
2020-10-07,502.0,2.0,0.011153576164105762,0.0075
2020-10-07,502.0,-2.0,0.011153576164105762,0.0025
2020-10-07,502.0,4.0,0.011153576164105762,0.01
2020-10-08,623.0,-1.0,0.01587239684891974,0.00375
2020-10-08,623.0,-1.0,0.01587239684891974,0.00375
2020-10-09,594.0,0.0,0.01474143982528664,0.005
2020-10-09,594.0,-2.0,0.01474143982528664,0.0025
2020-10-10,666.0,0.0,0.017549333125341238,0.005
2020-10-10,666.0,-1.0,0.017549333125341238,0.00375
2020-10-11,431.0,-4.0,0.008384681382107479,0.0
2020-10-11,431.0,-2.0,0.008384681382107479,0.0025
2020-10-12,272.0,-4.0,0.002183917011153575,0.0
2020-10-12,272.0,-3.0,0.002183917011153575,0.00125
2020-10-13,491.0,-1.0,0.01072459246548631,0.00375
2020-10-13,491.0,-4.0,0.01072459246548631,0.0
2020-10-13,491.0,0.0,0.01072459246548631,0.005
2020-10-13,491.0,-3.0,0.01072459246548631,0.00125
2020-10-14,550.0,2.0,0.013025505030808827,0.0075
2020-10-14,550.0,-1.0,0.013025505030808827,0.00375
2020-10-15,703.0,-4.0,0.018992278293424848,0.0
2020-10-15,703.0,1.0,0.018992278293424848,0.00625
2020-10-15,703.0,-4.0,0.018992278293424848,0.0
2020-10-16,633.0,-1.0,0.01626238202948288,0.00375
2020-10-16,633.0,-3.0,0.01626238202948288,0.00125
2020-10-17,611.0,-2.0,0.015404414632243974,0.0025
2020-10-17,611.0,0.0,0.015404414632243974,0.005
2020-10-18,422.0,2.0,0.008033694719600654,0.0075
2020-10-18,422.0,-2.0,0.008033694719600654,0.0025
2020-10-18,422.0,-1.0,0.008033694719600654,0.00375
2020-10-19,313.0,2.0,0.003782856251462444,0.0075
2020-10-19,313.0,-4.0,0.003782856251462444,0.0
2020-10-19,313.0,-2.0,0.003782856251462444,0.0025
2020-10-20,475.0,-2.0,0.010100616176585288,0.0025
2020-10-20,475.0,-3.0,0.010100616176585288,0.00125
2020-10-21,611.0,-3.0,0.015404414632243974,0.00125
2020-10-21,611.0,0.0,0.015404414632243974,0.005
2020-10-22,609.0,-1.0,0.015326417596131348,0.00375
2020-10-22,609.0,1.0,0.015326417596131348,0.00625
2020-10-22,609.0,-2.0,0.015326417596131348,0.0025
2020-10-22,609.0,-3.0,0.015326417596131348,0.00125
2020-10-23,742.0,0.0,0.02051322049762109,0.005
2020-10-23,742.0,-3.0,0.02051322049762109,0.00125
2020-10-23,742.0,-1.0,0.02051322049762109,0.00375
2020-10-23,742.0,0.0,0.02051322049762109,0.005
2020-10-23,742.0,-2.0,0.02051322049762109,0.0025
2020-10-24,712.0,-1.0,0.019343264955931673,0.00375
2020-10-24,712.0,-3.0,0.019343264955931673,0.00125
2020-10-24,712.0,-2.0,0.019343264955931673,0.0025
2020-10-25,486.0,1.0,0.010529599875204743,0.00625
2020-10-25,486.0,4.0,0.010529599875204743,0.01
2020-10-25,486.0,-4.0,0.010529599875204743,0.0
2020-10-25,486.0,-4.0,0.010529599875204743,0.0
2020-10-26,401.0,-3.0,0.007214725840418063,0.00125
2020-10-26,401.0,-4.0,0.007214725840418063,0.0
2020-10-27,646.0,-2.0,0.016769362764214958,0.0025
2020-10-27,646.0,-3.0,0.016769362764214958,0.00125
2020-10-28,724.0,3.0,0.01981124717260744,0.00875
2020-10-28,724.0,-4.0,0.01981124717260744,0.0
2020-10-29,803.0,-4.0,0.022892130099056232,0.0
2020-10-29,803.0,-4.0,0.022892130099056232,0.0
2020-10-29,803.0,0.0,0.022892130099056232,0.005
2020-10-29,803.0,-2.0,0.022892130099056232,0.0025
2020-10-29,803.0,-2.0,0.022892130099056232,0.0025
2020-10-29,803.0,2.0,0.022892130099056232,0.0075
2020-10-30,767.0,-3.0,0.021488183449028937,0.00125
2020-10-30,767.0,0.0,0.021488183449028937,0.005
2020-10-30,767.0,-3.0,0.021488183449028937,0.00125
2020-10-31,866.0,-2.0,0.025349036736604005,0.0025
2020-10-31,866.0,-3.0,0.025349036736604005,0.00125
2020-10-31,866.0,3.0,0.025349036736604005,0.00875
2020-10-31,866.0,-1.0,0.025349036736604005,0.00375
2020-10-31,866.0,-2.0,0.025349036736604005,0.0025
2020-11-01,603.0,2.0,0.015092426487793464,0.0075
2020-11-01,603.0,-3.0,0.015092426487793464,0.00125
2020-11-01,603.0,0.0,0.015092426487793464,0.005
2020-11-01,603.0,-2.0,0.015092426487793464,0.0025
2020-11-02,480.0,-3.0,0.01029560876686686,0.00125
2020-11-02,480.0,4.0,0.01029560876686686,0.01
2020-11-02,480.0,4.0,0.01029560876686686,0.01
2020-11-02,480.0,3.0,0.01029560876686686,0.00875
2020-11-02,480.0,-4.0,0.01029560876686686,0.0
2020-11-03,860.0,0.0,0.025115045628266122,0.005
2020-11-03,860.0,0.0,0.025115045628266122,0.005
2020-11-04,606.0,-3.0,0.015209422041962406,0.00125
2020-11-04,606.0,0.0,0.015209422041962406,0.005
2020-11-05,1046.0,-2.0,0.0323687699867405,0.0025
2020-11-05,1046.0,4.0,0.0323687699867405,0.01
2020-11-05,1046.0,-4.0,0.0323687699867405,0.0
2020-11-06,1137.0,-3.0,0.035917635129865066,0.00125
2020-11-06,1137.0,-3.0,0.035917635129865066,0.00125
2020-11-07,1301.0,-3.0,0.042313392091100535,0.00125
2020-11-07,1301.0,0.0,0.042313392091100535,0.005
2020-11-07,1301.0,-4.0,0.042313392091100535,0.0
2020-11-08,934.0,-1.0,0.02800093596443335,0.00375
2020-11-08,934.0,0.0,0.02800093596443335,0.005
2020-11-09,770.0,-1.0,0.021605179003197878,0.00375
2020-11-09,770.0,0.0,0.021605179003197878,0.005
2020-11-09,770.0,0.0,0.021605179003197878,0.005
2020-11-09,770.0,0.0,0.021605179003197878,0.005
2020-11-10,1276.0,0.0,0.04133842913969269,0.005
2020-11-10,1276.0,-3.0,0.04133842913969269,0.00125
2020-11-11,1540.0,-3.0,0.05163403790655955,0.00125
2020-11-11,1540.0,4.0,0.05163403790655955,0.01
2020-11-11,1540.0,-1.0,0.05163403790655955,0.00375
2020-11-11,1540.0,-3.0,0.05163403790655955,0.00125
2020-11-12,1624.0,-4.0,0.05490991342328991,0.0
2020-11-12,1624.0,-2.0,0.05490991342328991,0.0025
2020-11-12,1624.0,2.0,0.05490991342328991,0.0075
2020-11-12,1624.0,-4.0,0.05490991342328991,0.0
2020-11-13,1703.0,-1.0,0.05799079634973871,0.00375
2020-11-13,1703.0,-3.0,0.05799079634973871,0.00125
2020-11-13,1703.0,-2.0,0.05799079634973871,0.0025
2020-11-13,1703.0,4.0,0.05799079634973871,0.01
2020-11-13,1703.0,-4.0,0.05799079634973871,0.0
2020-11-13,1703.0,-4.0,0.05799079634973871,0.0
2020-11-14,1721.0,0.0,0.05869276967475236,0.005
2020-11-14,1721.0,-1.0,0.05869276967475236,0.00375
2020-11-15,1428.0,-2.0,0.0472662038842524,0.0025
2020-11-15,1428.0,-4.0,0.0472662038842524,0.0
2020-11-15,1428.0,-2.0,0.0472662038842524,0.0025
2020-11-16,949.0,-2.0,0.028585913735278058,0.0025
2020-11-16,949.0,-2.0,0.028585913735278058,0.0025
2020-11-17,1685.0,-2.0,0.05728882302472506,0.0025
2020-11-17,1685.0,1.0,0.05728882302472506,0.00625
2020-11-17,1685.0,0.0,0.05728882302472506,0.005
2020-11-17,1685.0,-2.0,0.05728882302472506,0.0025
2020-11-18,2173.0,-4.0,0.07632009983620622,0.0
2020-11-18,2173.0,-2.0,0.07632009983620622,0.0025
2020-11-19,2382.0,-2.0,0.08447079010997582,0.0025
2020-11-19,2382.0,-4.0,0.08447079010997582,0.0
2020-11-19,2382.0,-2.0,0.08447079010997582,0.0025
2020-11-19,2382.0,0.0,0.08447079010997582,0.005
2020-11-20,2425.0,-1.0,0.08614772638639731,0.00375
2020-11-20,2425.0,-1.0,0.08614772638639731,0.00375
2020-11-21,2570.0,-3.0,0.09180251150456283,0.00125
2020-11-21,2570.0,-2.0,0.09180251150456283,0.0025
2020-11-21,2570.0,-1.0,0.09180251150456283,0.00375
2020-11-21,2570.0,-2.0,0.09180251150456283,0.0025
2020-11-22,2146.0,-3.0,0.07526713984868574,0.00125
2020-11-22,2146.0,-1.0,0.07526713984868574,0.00375
2020-11-22,2146.0,0.0,0.07526713984868574,0.005
2020-11-23,1513.0,-2.0,0.050581077919039076,0.0025
2020-11-23,1513.0,-1.0,0.050581077919039076,0.00375
2020-11-23,1513.0,-4.0,0.050581077919039076,0.0
2020-11-23,1513.0,-1.0,0.050581077919039076,0.00375
2020-11-24,1219.0,-4.0,0.0391155136104828,0.0
2020-11-24,1219.0,-2.0,0.0391155136104828,0.0025
2020-11-24,1219.0,-4.0,0.0391155136104828,0.0
2020-11-24,1219.0,0.0,0.0391155136104828,0.005
2020-11-25,1925.0,-1.0,0.06664846735824038,0.00375
2020-11-25,1925.0,-3.0,0.06664846735824038,0.00125
2020-11-26,2494.0,-3.0,0.08883862413228297,0.00125
2020-11-26,2494.0,0.0,0.08883862413228297,0.005
2020-11-26,2494.0,-1.0,0.08883862413228297,0.00375
2020-11-26,2494.0,0.0,0.08883862413228297,0.005
2020-11-27,2510.0,4.0,0.089462600421184,0.01
2020-11-27,2510.0,-4.0,0.089462600421184,0.0
2020-11-27,2510.0,0.0,0.089462600421184,0.005
2020-11-27,2510.0,1.0,0.089462600421184,0.00625
2020-11-27,2510.0,-2.0,0.089462600421184,0.0025
2020-11-27,2510.0,-3.0,0.089462600421184,0.00125
2020-11-28,2667.0,-3.0,0.09558536775602527,0.00125
2020-11-28,2667.0,0.0,0.09558536775602527,0.005
2020-11-29,2046.0,-4.0,0.07136728804305437,0.0
2020-11-29,2046.0,0.0,0.07136728804305437,0.005
2020-11-29,2046.0,-1.0,0.07136728804305437,0.00375
2020-11-30,1425.0,-4.0,0.04714920833008346,0.0
2020-11-30,1425.0,-4.0,0.04714920833008346,0.0
2020-11-30,1425.0,-2.0,0.04714920833008346,0.0025
2020-11-30,1425.0,0.0,0.04714920833008346,0.005
2020-11-30,1425.0,0.0,0.04714920833008346,0.005
2020-12-01,2014.0,-4.0,0.07011933546525231,0.0
2020-12-01,2014.0,0.0,0.07011933546525231,0.005
2020-12-01,2014.0,4.0,0.07011933546525231,0.01
2020-12-02,2419.0,-2.0,0.08591373527805943,0.0025
2020-12-02,2419.0,-4.0,0.08591373527805943,0.0
2020-12-02,2419.0,3.0,0.08591373527805943,0.00875
2020-12-02,2419.0,3.0,0.08591373527805943,0.00875
2020-12-02,2419.0,2.0,0.08591373527805943,0.0075
2020-12-02,2419.0,-2.0,0.08591373527805943,0.0025
2020-12-03,2505.0,-3.0,0.08926760783090243,0.00125
2020-12-03,2505.0,-3.0,0.08926760783090243,0.00125
2020-12-03,2505.0,-2.0,0.08926760783090243,0.0025
2020-12-03,2505.0,0.0,0.08926760783090243,0.005
2020-12-04,2435.0,-4.0,0.08653771156696045,0.0
2020-12-04,2435.0,-3.0,0.08653771156696045,0.00125
2020-12-04,2435.0,0.0,0.08653771156696045,0.005
2020-12-05,2496.0,-3.0,0.0889166211683956,0.00125
2020-12-05,2496.0,-3.0,0.0889166211683956,0.00125
2020-12-06,2010.0,-1.0,0.06996334139302707,0.00375
2020-12-06,2010.0,0.0,0.06996334139302707,0.005
2020-12-07,1502.0,1.0,0.05015209422041962,0.00625
2020-12-07,1502.0,1.0,0.05015209422041962,0.00625
2020-12-07,1502.0,1.0,0.05015209422041962,0.00625
2020-12-07,1502.0,-1.0,0.05015209422041962,0.00375
2020-12-08,2166.0,-3.0,0.07604711020981203,0.00125
2020-12-08,2166.0,-3.0,0.07604711020981203,0.00125
2020-12-08,2166.0,3.0,0.07604711020981203,0.00875
2020-12-08,2166.0,-2.0,0.07604711020981203,0.0025
2020-12-09,2801.0,-4.0,0.10081116917557133,0.0
2020-12-09,2801.0,-1.0,0.10081116917557133,0.00375
2020-12-10,2966.0,-4.0,0.10724592465486311,0.0
2020-12-10,2966.0,-2.0,0.10724592465486311,0.0025
2020-12-10,2966.0,0.0,0.10724592465486311,0.005
2020-12-10,2966.0,-4.0,0.10724592465486311,0.0
2020-12-11,2795.0,-3.0,0.10057717806723344,0.00125
2020-12-11,2795.0,-2.0,0.10057717806723344,0.0025
2020-12-11,2795.0,-2.0,0.10057717806723344,0.0025
2020-12-11,2795.0,4.0,0.10057717806723344,0.01
2020-12-11,2795.0,1.0,0.10057717806723344,0.00625
2020-12-11,2795.0,-4.0,0.10057717806723344,0.0
2020-12-12,3010.0,-4.0,0.10896185944934092,0.0
2020-12-12,3010.0,0.0,0.10896185944934092,0.005
2020-12-13,2375.0,-3.0,0.08419780048358162,0.00125
2020-12-13,2375.0,-3.0,0.08419780048358162,0.00125
2020-12-13,2375.0,-3.0,0.08419780048358162,0.00125
2020-12-14,1681.0,-4.0,0.0571328289524998,0.0
2020-12-14,1681.0,-2.0,0.0571328289524998,0.0025
2020-12-14,1681.0,-3.0,0.0571328289524998,0.00125
2020-12-14,1681.0,0.0,0.0571328289524998,0.005
2020-12-14,1681.0,-1.0,0.0571328289524998,0.00375
2020-12-15,2400.0,2.0,0.08517276343498947,0.0075
2020-12-15,2400.0,4.0,0.08517276343498947,0.01
2020-12-15,2400.0,1.0,0.08517276343498947,0.00625
2020-12-15,2400.0,0.0,0.08517276343498947,0.005
2020-12-15,2400.0,2.0,0.08517276343498947,0.0075
2020-12-15,2400.0,-4.0,0.08517276343498947,0.0
2020-12-16,2990.0,-4.0,0.10818188908821465,0.0
2020-12-16,2990.0,-3.0,0.10818188908821465,0.00125
2020-12-16,2990.0,0.0,0.10818188908821465,0.005
2020-12-16,2990.0,-4.0,0.10818188908821465,0.0
2020-12-17,3206.0,-4.0,0.11660556898837843,0.0
2020-12-17,3206.0,-4.0,0.11660556898837843,0.0
2020-12-17,3206.0,-2.0,0.11660556898837843,0.0025
2020-12-17,3206.0,-4.0,0.11660556898837843,0.0
2020-12-17,3206.0,-1.0,0.11660556898837843,0.00375
2020-12-17,3206.0,-2.0,0.11660556898837843,0.0025
2020-12-17,3206.0,0.0,0.11660556898837843,0.005
2020-12-18,2832.0,-3.0,0.10202012323531706,0.00125
2020-12-18,2832.0,-3.0,0.10202012323531706,0.00125
2020-12-18,2832.0,0.0,0.10202012323531706,0.005
2020-12-19,3040.0,-1.0,0.11013181499103034,0.00375
2020-12-19,3040.0,-2.0,0.11013181499103034,0.0025
2020-12-20,2398.0,-3.0,0.08509476639887684,0.00125
2020-12-20,2398.0,0.0,0.08509476639887684,0.005
2020-12-21,1791.0,-3.0,0.06142266593869433,0.00125
2020-12-21,1791.0,-4.0,0.06142266593869433,0.0
2020-12-21,1791.0,0.0,0.06142266593869433,0.005
2020-12-21,1791.0,-1.0,0.06142266593869433,0.00375
2020-12-22,2674.0,-3.0,0.09585835738241946,0.00125
2020-12-22,2674.0,-4.0,0.09585835738241946,0.0
2020-12-22,2674.0,-2.0,0.09585835738241946,0.0025
2020-12-23,3270.0,-4.0,0.11910147414398253,0.0
2020-12-23,3270.0,-2.0,0.11910147414398253,0.0025
2020-12-23,3270.0,0.0,0.11910147414398253,0.005
2020-12-23,3270.0,0.0,0.11910147414398253,0.005
2020-12-23,3270.0,0.0,0.11910147414398253,0.005
2020-12-23,3270.0,-1.0,0.11910147414398253,0.00375
2020-12-23,3270.0,4.0,0.11910147414398253,0.01
2020-12-24,3797.0,-1.0,0.13965369315965992,0.00375
2020-12-24,3797.0,-4.0,0.13965369315965992,0.0
2020-12-24,3797.0,-1.0,0.13965369315965992,0.00375
2020-12-25,3934.0,-3.0,0.14499649013337493,0.00125
2020-12-26,3702.0,3.0,0.13594883394431012,0.00875
2020-12-26,3702.0,-2.0,0.13594883394431012,0.0025
2020-12-26,3702.0,2.0,0.13594883394431012,0.0075
2020-12-26,3702.0,-4.0,0.13594883394431012,0.0
2020-12-26,3702.0,-2.0,0.13594883394431012,0.0025
2020-12-27,2942.0,0.0,0.10630996022151158,0.005
2020-12-27,2942.0,-2.0,0.10630996022151158,0.0025
2020-12-27,2942.0,-4.0,0.10630996022151158,0.0
2020-12-27,2942.0,-1.0,0.10630996022151158,0.00375
2020-12-28,2397.0,4.0,0.08505576788082053,0.01
2020-12-28,2397.0,-1.0,0.08505576788082053,0.00375
2020-12-28,2397.0,-4.0,0.08505576788082053,0.0
2020-12-28,2397.0,-1.0,0.08505576788082053,0.00375
2020-12-29,3609.0,1.0,0.13232197176507293,0.00625
2020-12-29,3609.0,-1.0,0.13232197176507293,0.00375
2020-12-29,3609.0,-1.0,0.13232197176507293,0.00375
2020-12-29,3609.0,4.0,0.13232197176507293,0.01
2020-12-29,3609.0,-4.0,0.13232197176507293,0.0
2020-12-30,3884.0,4.0,0.14304656423055923,0.01
2020-12-30,3884.0,-1.0,0.14304656423055923,0.00375
2020-12-30,3884.0,0.0,0.14304656423055923,0.005
2020-12-31,4500.0,-1.0,0.16706965135324858,0.00375
2020-12-31,4500.0,0.0,0.16706965135324858,0.005
2020-12-31,4500.0,0.0,0.16706965135324858,0.005
2020-12-31,4500.0,-3.0,0.16706965135324858,0.00125
2021-01-02,3057.0,2.0,0.11079478979798768,0.0075
2021-01-02,3057.0,-1.0,0.11079478979798768,0.00375
2021-01-02,3057.0,3.0,0.11079478979798768,0.00875
2021-01-02,3057.0,0.0,0.11079478979798768,0.005
2021-01-03,3139.0,-3.0,0.11399266827860541,0.00125
2021-01-04,3330.0,-2.0,0.12144138522736136,0.0025
2021-01-04,3330.0,-4.0,0.12144138522736136,0.0
2021-01-05,4958.0,1.0,0.1849309726230403,0.00625
2021-01-05,4958.0,-2.0,0.1849309726230403,0.0025
2021-01-05,4958.0,0.0,0.1849309726230403,0.005
2021-01-05,4958.0,1.0,0.1849309726230403,0.00625
2021-01-05,4958.0,3.0,0.1849309726230403,0.00875
2021-01-05,4958.0,-4.0,0.1849309726230403,0.0
2021-01-06,6066.0,-3.0,0.2281413306294361,0.00125
2021-01-06,6066.0,-1.0,0.2281413306294361,0.00375
2021-01-06,6066.0,-2.0,0.2281413306294361,0.0025
2021-01-06,6066.0,2.0,0.2281413306294361,0.0075
2021-01-06,6066.0,3.0,0.2281413306294361,0.00875
2021-01-06,6066.0,-2.0,0.2281413306294361,0.0025
2021-01-07,7793.0,-4.0,0.2954917713126901,0.0
2021-01-07,7793.0,-3.0,0.2954917713126901,0.00125
2021-01-07,7793.0,-1.0,0.2954917713126901,0.00375
2021-01-07,7793.0,0.0,0.2954917713126901,0.005
2021-01-07,7793.0,-2.0,0.2954917713126901,0.0025
2021-01-07,7793.0,0.0,0.2954917713126901,0.005
2021-01-07,7793.0,0.0,0.2954917713126901,0.005
2021-01-08,8045.0,-2.0,0.3053193978628812,0.0025
2021-01-08,8045.0,-1.0,0.3053193978628812,0.00375
2021-01-09,7528.0,0.0,0.2851571640277669,0.005
2021-01-09,7528.0,2.0,0.2851571640277669,0.0075
2021-01-09,7528.0,3.0,0.2851571640277669,0.00875
2021-01-09,7528.0,-4.0,0.2851571640277669,0.0
2021-01-09,7528.0,2.0,0.2851571640277669,0.0075
2021-01-09,7528.0,-3.0,0.2851571640277669,0.00125
2021-01-10,6130.0,0.0,0.23063723578504017,0.005
2021-01-10,6130.0,0.0,0.23063723578504017,0.005
2021-01-10,6130.0,-1.0,0.23063723578504017,0.00375
2021-01-10,6130.0,-3.0,0.23063723578504017,0.00125
2021-01-11,4901.0,-3.0,0.18270805709383042,0.00125
2021-01-11,4901.0,-3.0,0.18270805709383042,0.00125
2021-01-11,4901.0,-3.0,0.18270805709383042,0.00125
2021-01-12,4630.0,0.0,0.17213945870056938,0.005
2021-01-12,4630.0,-2.0,0.17213945870056938,0.0025
2021-01-12,4630.0,-3.0,0.17213945870056938,0.00125
2021-01-12,4630.0,-4.0,0.17213945870056938,0.0
2021-01-12,4630.0,-3.0,0.17213945870056938,0.00125
2021-01-13,6086.0,-2.0,0.22892130099056235,0.0025
2021-01-13,6086.0,4.0,0.22892130099056235,0.01
2021-01-13,6086.0,-3.0,0.22892130099056235,0.00125
2021-01-13,6086.0,0.0,0.22892130099056235,0.005
2021-01-13,6086.0,3.0,0.22892130099056235,0.00875
2021-01-13,6086.0,-4.0,0.22892130099056235,0.0
2021-01-13,6086.0,4.0,0.22892130099056235,0.01
2021-01-13,6086.0,-2.0,0.22892130099056235,0.0025
2021-01-14,6749.0,-4.0,0.25477731846189844,0.0
2021-01-14,6749.0,-1.0,0.25477731846189844,0.00375
2021-01-14,6749.0,-2.0,0.25477731846189844,0.0025
2021-01-14,6749.0,-4.0,0.25477731846189844,0.0
2021-01-14,6749.0,-2.0,0.25477731846189844,0.0025
2021-01-14,6749.0,-1.0,0.25477731846189844,0.00375
2021-01-14,6749.0,-1.0,0.25477731846189844,0.00375
2021-01-14,6749.0,-2.0,0.25477731846189844,0.0025
2021-01-15,6795.0,3.0,0.2565712502924889,0.00875
2021-01-15,6795.0,-3.0,0.2565712502924889,0.00125
2021-01-15,6795.0,0.0,0.2565712502924889,0.005
2021-01-15,6795.0,-4.0,0.2565712502924889,0.0
2021-01-15,6795.0,-1.0,0.2565712502924889,0.00375
2021-01-16,7028.0,4.0,0.26565790499961,0.01
2021-01-16,7028.0,-4.0,0.26565790499961,0.0
2021-01-17,5758.0,0.0,0.2161297870680914,0.005
2021-01-17,5758.0,-1.0,0.2161297870680914,0.00375
2021-01-17,5758.0,-3.0,0.2161297870680914,0.00125
2021-01-18,4947.0,0.0,0.18450198892442088,0.005
2021-01-18,4947.0,-3.0,0.18450198892442088,0.00125
2021-01-19,5355.0,0.0,0.20041338429139693,0.005
2021-01-19,5355.0,-3.0,0.20041338429139693,0.00125
2021-01-19,5355.0,-4.0,0.20041338429139693,0.0
2021-01-19,5355.0,-3.0,0.20041338429139693,0.00125
2021-01-20,5643.0,-1.0,0.21164495749161533,0.00375
2021-01-20,5643.0,0.0,0.21164495749161533,0.005
2021-01-20,5643.0,-4.0,0.21164495749161533,0.0
2021-01-20,5643.0,-4.0,0.21164495749161533,0.0
2021-01-20,5643.0,-2.0,0.21164495749161533,0.0025
2021-01-20,5643.0,-3.0,0.21164495749161533,0.00125
2021-01-20,5643.0,0.0,0.21164495749161533,0.005
2021-01-21,5743.0,-2.0,0.2155448092972467,0.0025
2021-01-21,5743.0,-1.0,0.2155448092972467,0.00375
2021-01-21,5743.0,-1.0,0.2155448092972467,0.00375
2021-01-21,5743.0,2.0,0.2155448092972467,0.0075
2021-01-21,5743.0,-4.0,0.2155448092972467,0.0
2021-01-21,5743.0,1.0,0.2155448092972467,0.00625
2021-01-22,4821.0,-3.0,0.17958817564932533,0.00125
2021-01-22,4821.0,-3.0,0.17958817564932533,0.00125
2021-01-23,4711.0,-2.0,0.1752983386631308,0.0025
2021-01-23,4711.0,-2.0,0.1752983386631308,0.0025
2021-01-23,4711.0,-3.0,0.1752983386631308,0.00125
2021-01-23,4711.0,0.0,0.1752983386631308,0.005
2021-01-24,3988.0,3.0,0.14710241010841588,0.00875
2021-01-24,3988.0,1.0,0.14710241010841588,0.00625
2021-01-24,3988.0,-1.0,0.14710241010841588,0.00375
2021-01-25,2760.0,-4.0,0.09921222993526246,0.0
2021-01-25,2760.0,-2.0,0.09921222993526246,0.0025
2021-01-25,2760.0,0.0,0.09921222993526246,0.005
2021-01-25,2760.0,-2.0,0.09921222993526246,0.0025
2021-01-26,3851.0,-2.0,0.14175961313470087,0.0025
2021-01-26,3851.0,-3.0,0.14175961313470087,0.00125
2021-01-27,3968.0,0.0,0.1463224397472896,0.005
2021-01-27,3968.0,-1.0,0.1463224397472896,0.00375
2021-01-27,3968.0,0.0,0.1463224397472896,0.005
2021-01-27,3968.0,-4.0,0.1463224397472896,0.0
2021-01-27,3968.0,1.0,0.1463224397472896,0.00625
2021-01-27,3968.0,-2.0,0.1463224397472896,0.0025
2021-01-28,4122.0,4.0,0.15232821152796194,0.01
2021-01-28,4122.0,-1.0,0.15232821152796194,0.00375
2021-01-28,4122.0,-3.0,0.15232821152796194,0.00125
2021-01-28,4122.0,-4.0,0.15232821152796194,0.0
2021-01-28,4122.0,4.0,0.15232821152796194,0.01
2021-01-28,4122.0,2.0,0.15232821152796194,0.0075
2021-01-28,4122.0,-3.0,0.15232821152796194,0.00125
2021-01-29,3547.0,4.0,0.12990406364558146,0.01
2021-01-29,3547.0,3.0,0.12990406364558146,0.00875
2021-01-29,3547.0,-1.0,0.12990406364558146,0.00375
2021-01-29,3547.0,0.0,0.12990406364558146,0.005
2021-01-30,3330.0,-2.0,0.12144138522736136,0.0025
2021-01-31,2673.0,3.0,0.09581935886436316,0.00875
2021-01-31,2673.0,1.0,0.09581935886436316,0.00625
2021-01-31,2673.0,-2.0,0.09581935886436316,0.0025
2021-02-01,1782.0,-1.0,0.06107167927618751,0.00375
2021-02-01,1782.0,0.0,0.06107167927618751,0.005
2021-02-01,1782.0,-1.0,0.06107167927618751,0.00375
2021-02-01,1782.0,0.0,0.06107167927618751,0.005
2021-02-02,2321.0,-3.0,0.08209188050854067,0.00125
2021-02-02,2321.0,-3.0,0.08209188050854067,0.00125
2021-02-02,2321.0,-1.0,0.08209188050854067,0.00375
2021-02-02,2321.0,3.0,0.08209188050854067,0.00875
2021-02-02,2321.0,-3.0,0.08209188050854067,0.00125
2021-02-03,2648.0,0.0,0.0948443959129553,0.005
2021-02-03,2648.0,3.0,0.0948443959129553,0.00875
2021-02-03,2648.0,4.0,0.0948443959129553,0.01
2021-02-03,2648.0,-3.0,0.0948443959129553,0.00125
2021-02-03,2648.0,-2.0,0.0948443959129553,0.0025
2021-02-03,2648.0,3.0,0.0948443959129553,0.00875
2021-02-03,2648.0,-3.0,0.0948443959129553,0.00125
2021-02-03,2648.0,-2.0,0.0948443959129553,0.0025
2021-02-04,2574.0,-2.0,0.09195850557678809,0.0025
2021-02-04,2574.0,2.0,0.09195850557678809,0.0075
2021-02-04,2574.0,-4.0,0.09195850557678809,0.0
2021-02-04,2574.0,0.0,0.09195850557678809,0.005
2021-02-05,2371.0,2.0,0.08404180641135636,0.0075
2021-02-05,2371.0,3.0,0.08404180641135636,0.00875
2021-02-05,2371.0,4.0,0.08404180641135636,0.01
2021-02-05,2371.0,3.0,0.08404180641135636,0.00875
2021-02-05,2371.0,1.0,0.08404180641135636,0.00625
2021-02-05,2371.0,0.0,0.08404180641135636,0.005
2021-02-05,2371.0,2.0,0.08404180641135636,0.0075
2021-02-06,2277.0,3.0,0.08037594571406287,0.00875
2021-02-06,2277.0,2.0,0.08037594571406287,0.0075
2021-02-06,2277.0,-1.0,0.08037594571406287,0.00375
2021-02-07,1627.0,2.0,0.05502690897745885,0.0075
2021-02-07,1627.0,-1.0,0.05502690897745885,0.00375
2021-02-08,1215.0,3.0,0.03895951953825755,0.00875
2021-02-08,1215.0,-3.0,0.03895951953825755,0.00125
2021-02-09,1568.0,2.0,0.052725996412136336,0.0075
2021-02-09,1568.0,4.0,0.052725996412136336,0.01
2021-02-10,1885.0,-1.0,0.06508852663598783,0.00375
2021-02-10,1885.0,1.0,0.06508852663598783,0.00625
2021-02-10,1885.0,2.0,0.06508852663598783,0.0075
2021-02-10,1885.0,1.0,0.06508852663598783,0.00625
2021-02-10,1885.0,3.0,0.06508852663598783,0.00875
2021-02-10,1885.0,0.0,0.06508852663598783,0.005
2021-02-11,1689.0,2.0,0.05744481709695032,0.0075
2021-02-11,1689.0,2.0,0.05744481709695032,0.0075
2021-02-11,1689.0,-1.0,0.05744481709695032,0.00375
2021-02-12,1297.0,2.0,0.04215739801887528,0.0075
2021-02-12,1297.0,3.0,0.04215739801887528,0.00875
2021-02-12,1297.0,-1.0,0.04215739801887528,0.00375
2021-02-13,1355.0,2.0,0.044419312066141484,0.0075
2021-02-13,1355.0,4.0,0.044419312066141484,0.01
2021-02-13,1355.0,2.0,0.044419312066141484,0.0075
2021-02-13,1355.0,-4.0,0.044419312066141484,0.0
2021-02-14,1360.0,3.0,0.044614304656423055,0.00875
2021-02-14,1360.0,-1.0,0.044614304656423055,0.00375
2021-02-14,1360.0,4.0,0.044614304656423055,0.01
2021-02-14,1360.0,-2.0,0.044614304656423055,0.0025
2021-02-15,964.0,0.0,0.029170891506122766,0.005
2021-02-15,964.0,4.0,0.029170891506122766,0.01
2021-02-15,964.0,0.0,0.029170891506122766,0.005
2021-02-15,964.0,2.0,0.029170891506122766,0.0075
2021-02-16,1305.0,1.0,0.042469386163325795,0.00625
2021-02-16,1305.0,0.0,0.042469386163325795,0.005
2021-02-17,1443.0,-2.0,0.04785118165509711,0.0025
2021-02-17,1443.0,-3.0,0.04785118165509711,0.00125
2021-02-18,1540.0,0.0,0.05163403790655955,0.005
2021-02-18,1540.0,-1.0,0.05163403790655955,0.00375
2021-02-18,1540.0,2.0,0.05163403790655955,0.0075
2021-02-19,1297.0,-2.0,0.04215739801887528,0.0025
2021-02-19,1297.0,2.0,0.04215739801887528,0.0075
2021-02-19,1297.0,2.0,0.04215739801887528,0.0075
2021-02-19,1297.0,-3.0,0.04215739801887528,0.00125
2021-02-19,1297.0,1.0,0.04215739801887528,0.00625
2021-02-20,1228.0,-2.0,0.039466500272989626,0.0025
2021-02-21,1029.0,3.0,0.03170579517978317,0.00875
2021-02-21,1029.0,0.0,0.03170579517978317,0.005
2021-02-21,1029.0,0.0,0.03170579517978317,0.005
2021-02-21,1029.0,-1.0,0.03170579517978317,0.00375
2021-02-22,739.0,-1.0,0.020396224943452147,0.00375
2021-02-22,739.0,2.0,0.020396224943452147,0.0075
2021-02-22,739.0,-4.0,0.020396224943452147,0.0
2021-02-23,1078.0,-4.0,0.033616722564542546,0.0
2021-02-23,1078.0,4.0,0.033616722564542546,0.01
2021-02-23,1078.0,-4.0,0.033616722564542546,0.0
2021-02-23,1078.0,-1.0,0.033616722564542546,0.00375
2021-02-24,923.0,-2.0,0.027571952265813895,0.0025
2021-02-25,1064.0,0.0,0.03307074331175415,0.005
2021-02-25,1064.0,1.0,0.03307074331175415,0.00625
2021-02-25,1064.0,-4.0,0.03307074331175415,0.0
2021-02-26,1057.0,0.0,0.032797753685359955,0.005
2021-02-26,1057.0,-2.0,0.032797753685359955,0.0025
2021-02-26,1057.0,-3.0,0.032797753685359955,0.00125
2021-02-26,1057.0,-1.0,0.032797753685359955,0.00375
2021-02-26,1057.0,-1.0,0.032797753685359955,0.00375
2021-02-27,1208.0,3.0,0.038686529911863346,0.00875
2021-02-27,1208.0,-2.0,0.038686529911863346,0.0025
2021-02-27,1208.0,-2.0,0.038686529911863346,0.0025
2021-02-27,1208.0,1.0,0.038686529911863346,0.00625
2021-02-27,1208.0,4.0,0.038686529911863346,0.01
2021-02-28,994.0,-3.0,0.030340847047812182,0.00125
2021-02-28,994.0,-2.0,0.030340847047812182,0.0025
2021-02-28,994.0,-1.0,0.030340847047812182,0.00375
2021-03-01,684.0,-4.0,0.018251306450354887,0.0
2021-03-02,887.0,-3.0,0.026168005615786596,0.00125
2021-03-02,887.0,-4.0,0.026168005615786596,0.0
2021-03-02,887.0,-2.0,0.026168005615786596,0.0025
2021-03-02,887.0,0.0,0.026168005615786596,0.005
2021-03-02,887.0,-4.0,0.026168005615786596,0.0
2021-03-03,1240.0,-3.0,0.03993448248966539,0.00125
2021-03-03,1240.0,1.0,0.03993448248966539,0.00625
2021-03-03,1240.0,-2.0,0.03993448248966539,0.0025
2021-03-04,1168.0,-2.0,0.037126589189610794,0.0025
2021-03-04,1168.0,-1.0,0.037126589189610794,0.00375
2021-03-05,1145.0,-2.0,0.03622962327431557,0.0025
2021-03-05,1145.0,0.0,0.03622962327431557,0.005
2021-03-05,1145.0,-4.0,0.03622962327431557,0.0
2021-03-06,1045.0,1.0,0.03232977146868419,0.00625
2021-03-06,1045.0,-1.0,0.03232977146868419,0.00375
2021-03-06,1045.0,-4.0,0.03232977146868419,0.0
2021-03-07,1061.0,1.0,0.03295374775758521,0.00625
2021-03-07,1061.0,-2.0,0.03295374775758521,0.0025
2021-03-08,599.0,2.0,0.014936432415568208,0.0075
2021-03-08,599.0,-4.0,0.014936432415568208,0.0
2021-03-09,1125.0,3.0,0.0354496529131893,0.00875
2021-03-09,1125.0,-3.0,0.0354496529131893,0.00125
2021-03-09,1125.0,4.0,0.0354496529131893,0.01
2021-03-09,1125.0,-2.0,0.0354496529131893,0.0025
2021-03-10,1309.0,-3.0,0.04262538023555105,0.00125
2021-03-10,1309.0,0.0,0.04262538023555105,0.005
2021-03-11,1315.0,-4.0,0.04285937134388893,0.0
2021-03-11,1315.0,-4.0,0.04285937134388893,0.0
2021-03-11,1315.0,-3.0,0.04285937134388893,0.00125
2021-03-12,1268.0,-3.0,0.04102644099524218,0.00125
2021-03-12,1268.0,4.0,0.04102644099524218,0.01
2021-03-12,1268.0,-2.0,0.04102644099524218,0.0025
2021-03-13,1317.0,-4.0,0.04293736838000156,0.0
2021-03-13,1317.0,-4.0,0.04293736838000156,0.0
2021-03-14,982.0,-3.0,0.029872864831136416,0.00125
2021-03-14,982.0,0.0,0.029872864831136416,0.005
2021-03-15,688.0,-2.0,0.01840730052258014,0.0025
2021-03-15,688.0,-1.0,0.01840730052258014,0.00375
2021-03-16,1130.0,-3.0,0.035644645503470865,0.00125
2021-03-16,1130.0,-1.0,0.035644645503470865,0.00375
2021-03-16,1130.0,-4.0,0.035644645503470865,0.0
2021-03-16,1130.0,-3.0,0.035644645503470865,0.00125
2021-03-17,1520.0,-4.0,0.05085406754543327,0.0
2021-03-17,1520.0,1.0,0.05085406754543327,0.00625
2021-03-17,1520.0,-1.0,0.05085406754543327,0.00375
2021-03-17,1520.0,-1.0,0.05085406754543327,0.00375
2021-03-17,1520.0,-2.0,0.05085406754543327,0.0025
2021-03-18,1492.0,0.0,0.049762109039856485,0.005
2021-03-18,1492.0,-4.0,0.049762109039856485,0.0
2021-03-18,1492.0,-3.0,0.049762109039856485,0.00125
2021-03-19,1453.0,-4.0,0.048241166835660244,0.0
2021-03-19,1453.0,2.0,0.048241166835660244,0.0075
2021-03-19,1453.0,4.0,0.048241166835660244,0.01
2021-03-19,1453.0,-4.0,0.048241166835660244,0.0
2021-03-20,1517.0,-4.0,0.05073707199126433,0.0
2021-03-20,1517.0,-1.0,0.05073707199126433,0.00375
2021-03-21,1110.0,-1.0,0.03486467514234459,0.00375
2021-03-21,1110.0,-4.0,0.03486467514234459,0.0
2021-03-22,817.0,1.0,0.02343810935184463,0.00625
2021-03-22,817.0,-3.0,0.02343810935184463,0.00125
2021-03-22,817.0,-1.0,0.02343810935184463,0.00375
2021-03-23,1485.0,-3.0,0.04948911941346229,0.00125
2021-03-23,1485.0,0.0,0.04948911941346229,0.005
2021-03-23,1485.0,-1.0,0.04948911941346229,0.00375
2021-03-23,1485.0,4.0,0.04948911941346229,0.01
2021-03-24,1924.0,-1.0,0.06660946884018407,0.00375
2021-03-24,1924.0,-4.0,0.06660946884018407,0.0
2021-03-24,1924.0,-2.0,0.06660946884018407,0.0025
2021-03-25,1914.0,0.0,0.06621948365962094,0.005
2021-03-25,1914.0,0.0,0.06621948365962094,0.005
2021-03-25,1914.0,0.0,0.06621948365962094,0.005
2021-03-26,2030.0,-4.0,0.07074331175415334,0.0
2021-03-26,2030.0,-1.0,0.07074331175415334,0.00375
2021-03-27,2073.0,-4.0,0.07242024803057484,0.0
2021-03-27,2073.0,0.0,0.07242024803057484,0.005
2021-03-28,1753.0,-3.0,0.059940722252554396,0.00125
2021-03-28,1753.0,-3.0,0.059940722252554396,0.00125
2021-03-29,1340.0,4.0,0.043834334295296776,0.01
2021-03-29,1340.0,-4.0,0.043834334295296776,0.0
2021-03-29,1340.0,2.0,0.043834334295296776,0.0075
2021-03-29,1340.0,-1.0,0.043834334295296776,0.00375
2021-03-30,2077.0,-4.0,0.07257624210280009,0.0
2021-03-30,2077.0,-4.0,0.07257624210280009,0.0
2021-03-31,2832.0,-2.0,0.10202012323531706,0.0025
2021-03-31,2832.0,0.0,0.10202012323531706,0.005
2021-03-31,2832.0,-3.0,0.10202012323531706,0.00125
2021-04-01,2598.0,-4.0,0.09289447001013962,0.0
2021-04-01,2598.0,-1.0,0.09289447001013962,0.00375
2021-04-01,2598.0,-3.0,0.09289447001013962,0.00125
2021-04-01,2598.0,0.0,0.09289447001013962,0.005
2021-04-02,2745.0,-1.0,0.09862725216441776,0.00375
2021-04-02,2745.0,1.0,0.09862725216441776,0.00625
2021-04-02,2745.0,-2.0,0.09862725216441776,0.0025
2021-04-02,2745.0,-3.0,0.09862725216441776,0.00125
2021-04-02,2745.0,0.0,0.09862725216441776,0.005
2021-04-03,2755.0,-2.0,0.09901723734498089,0.0025
2021-04-03,2755.0,3.0,0.09901723734498089,0.00875
2021-04-03,2755.0,0.0,0.09901723734498089,0.005
2021-04-03,2755.0,-4.0,0.09901723734498089,0.0
2021-04-04,2460.0,-4.0,0.0875126745183683,0.0
2021-04-04,2460.0,-1.0,0.0875126745183683,0.00375
2021-04-04,2460.0,-2.0,0.0875126745183683,0.0025
2021-04-05,1554.0,1.0,0.05218001715934794,0.00625
2021-04-05,1554.0,-1.0,0.05218001715934794,0.00375
2021-04-05,1554.0,-3.0,0.05218001715934794,0.00125
2021-04-05,1554.0,-4.0,0.05218001715934794,0.0
2021-04-05,1554.0,-1.0,0.05218001715934794,0.00375
2021-04-06,2654.0,-2.0,0.09507838702129319,0.0025
2021-04-06,2654.0,-4.0,0.09507838702129319,0.0
2021-04-07,3460.0,3.0,0.12651119257468216,0.00875
2021-04-07,3460.0,1.0,0.12651119257468216,0.00625
2021-04-07,3460.0,2.0,0.12651119257468216,0.0075
2021-04-07,3460.0,-1.0,0.12651119257468216,0.00375
2021-04-07,3460.0,-4.0,0.12651119257468216,0.0
2021-04-07,3460.0,-2.0,0.12651119257468216,0.0025
2021-04-08,3457.0,-2.0,0.12639419702051322,0.0025
2021-04-08,3457.0,1.0,0.12639419702051322,0.00625
2021-04-08,3457.0,-2.0,0.12639419702051322,0.0025
2021-04-08,3457.0,-2.0,0.12639419702051322,0.0025
2021-04-08,3457.0,0.0,0.12639419702051322,0.005
2021-04-08,3457.0,-2.0,0.12639419702051322,0.0025
2021-04-09,3511.0,1.0,0.12850011699555416,0.00625
2021-04-09,3511.0,0.0,0.12850011699555416,0.005
2021-04-09,3511.0,3.0,0.12850011699555416,0.00875
2021-04-09,3511.0,-1.0,0.12850011699555416,0.00375
2021-04-10,3742.0,-4.0,0.13750877466656267,0.0
2021-04-10,3742.0,-1.0,0.13750877466656267,0.00375
2021-04-10,3742.0,-1.0,0.13750877466656267,0.00375
2021-04-11,2848.0,-4.0,0.10264409952421807,0.0
2021-04-11,2848.0,-4.0,0.10264409952421807,0.0
2021-04-11,2848.0,-3.0,0.10264409952421807,0.00125
2021-04-12,2098.0,-4.0,0.07339521098198268,0.0
2021-04-12,2098.0,0.0,0.07339521098198268,0.005
2021-04-12,2098.0,-1.0,0.07339521098198268,0.00375
2021-04-13,3444.0,-3.0,0.12588721628578114,0.00125
2021-04-13,3444.0,-1.0,0.12588721628578114,0.00375
2021-04-13,3444.0,-4.0,0.12588721628578114,0.0
2021-04-13,3444.0,-3.0,0.12588721628578114,0.00125
2021-04-14,4302.0,-4.0,0.15934794477809844,0.0
2021-04-14,4302.0,-4.0,0.15934794477809844,0.0
2021-04-14,4302.0,2.0,0.15934794477809844,0.0075
2021-04-14,4302.0,0.0,0.15934794477809844,0.005
2021-04-14,4302.0,-2.0,0.15934794477809844,0.0025
2021-04-15,4570.0,-4.0,0.16979954761719054,0.0
2021-04-15,4570.0,-4.0,0.16979954761719054,0.0
2021-04-15,4570.0,-1.0,0.16979954761719054,0.00375
2021-04-15,4570.0,1.0,0.16979954761719054,0.00625
2021-04-15,4570.0,-1.0,0.16979954761719054,0.00375
2021-04-16,4519.0,-2.0,0.16781062319631854,0.0025
2021-04-16,4519.0,2.0,0.16781062319631854,0.0075
2021-04-16,4519.0,-4.0,0.16781062319631854,0.0
2021-04-16,4519.0,-2.0,0.16781062319631854,0.0025
2021-04-16,4519.0,-4.0,0.16781062319631854,0.0
2021-04-16,4519.0,1.0,0.16781062319631854,0.00625
2021-04-17,4791.0,0.0,0.17841822010763592,0.005
2021-04-17,4791.0,-1.0,0.17841822010763592,0.00375
2021-04-17,4791.0,-2.0,0.17841822010763592,0.0025
2021-04-17,4791.0,-4.0,0.17841822010763592,0.0
2021-04-18,4089.0,0.0,0.15104126043210359,0.005
2021-04-18,4089.0,-4.0,0.15104126043210359,0.0
2021-04-18,4089.0,3.0,0.15104126043210359,0.00875
2021-04-18,4089.0,-4.0,0.15104126043210359,0.0
2021-04-18,4089.0,3.0,0.15104126043210359,0.00875
2021-04-19,2892.0,-4.0,0.1043600343186959,0.0
2021-04-19,2892.0,-2.0,0.1043600343186959,0.0025
2021-04-19,2892.0,0.0,0.1043600343186959,0.005
2021-04-19,2892.0,-2.0,0.1043600343186959,0.0025
2021-04-19,2892.0,-1.0,0.1043600343186959,0.00375
2021-04-19,2892.0,-3.0,0.1043600343186959,0.00125
2021-04-20,4328.0,0.0,0.16036190624756258,0.005
2021-04-20,4328.0,-2.0,0.16036190624756258,0.0025
2021-04-20,4328.0,-3.0,0.16036190624756258,0.00125
2021-04-21,5280.0,-2.0,0.1974884954371734,0.0025
2021-04-21,5280.0,-4.0,0.1974884954371734,0.0
2021-04-21,5280.0,-3.0,0.1974884954371734,0.00125
2021-04-21,5280.0,-2.0,0.1974884954371734,0.0025
2021-04-21,5280.0,2.0,0.1974884954371734,0.0075
2021-04-21,5280.0,-1.0,0.1974884954371734,0.00375
2021-04-21,5280.0,-3.0,0.1974884954371734,0.00125
2021-04-22,5474.0,-3.0,0.20505420794009827,0.00125
2021-04-22,5474.0,2.0,0.20505420794009827,0.0075
2021-04-22,5474.0,4.0,0.20505420794009827,0.01
2021-04-22,5474.0,-4.0,0.20505420794009827,0.0
2021-04-22,5474.0,-1.0,0.20505420794009827,0.00375
2021-04-22,5474.0,-2.0,0.20505420794009827,0.0025
2021-04-23,5119.0,-3.0,0.19120973403010685,0.00125
2021-04-23,5119.0,0.0,0.19120973403010685,0.005
2021-04-23,5119.0,-1.0,0.19120973403010685,0.00375
2021-04-23,5119.0,-3.0,0.19120973403010685,0.00125
2021-04-23,5119.0,-3.0,0.19120973403010685,0.00125
2021-04-23,5119.0,-1.0,0.19120973403010685,0.00375
2021-04-24,5602.0,-2.0,0.21004601825130645,0.0025
2021-04-24,5602.0,0.0,0.21004601825130645,0.005
2021-04-24,5602.0,0.0,0.21004601825130645,0.005
2021-04-24,5602.0,-3.0,0.21004601825130645,0.00125
2021-04-25,4604.0,-1.0,0.1711254972311052,0.00375
2021-04-25,4604.0,-2.0,0.1711254972311052,0.0025
2021-04-25,4604.0,-1.0,0.1711254972311052,0.00375
2021-04-25,4604.0,0.0,0.1711254972311052,0.005
2021-04-26,3303.0,-4.0,0.12038842523984089,0.0
2021-04-26,3303.0,-2.0,0.12038842523984089,0.0025
2021-04-26,3303.0,-1.0,0.12038842523984089,0.00375
2021-04-26,3303.0,3.0,0.12038842523984089,0.00875
2021-04-26,3303.0,-4.0,0.12038842523984089,0.0
2021-04-27,4958.0,-3.0,0.1849309726230403,0.00125
2021-04-27,4958.0,-4.0,0.1849309726230403,0.0
2021-04-27,4958.0,2.0,0.1849309726230403,0.0075
2021-04-27,4958.0,-3.0,0.1849309726230403,0.00125
2021-04-27,4958.0,-1.0,0.1849309726230403,0.00375
2021-04-27,4958.0,-4.0,0.1849309726230403,0.0
2021-04-27,4958.0,-2.0,0.1849309726230403,0.0025
2021-04-28,5788.0,2.0,0.21729974260978083,0.0075
2021-04-28,5788.0,0.0,0.21729974260978083,0.005
2021-04-28,5788.0,-2.0,0.21729974260978083,0.0025
2021-04-28,5788.0,-4.0,0.21729974260978083,0.0
2021-04-29,5895.0,-1.0,0.22147258404180642,0.00375
2021-04-29,5895.0,-1.0,0.22147258404180642,0.00375
2021-04-29,5895.0,-3.0,0.22147258404180642,0.00125
2021-04-29,5895.0,-4.0,0.22147258404180642,0.0
2021-04-30,4658.0,-3.0,0.17323141720614615,0.00125
2021-04-30,4658.0,3.0,0.17323141720614615,0.00875
2021-04-30,4658.0,-3.0,0.17323141720614615,0.00125
2021-04-30,4658.0,-1.0,0.17323141720614615,0.00375
2021-04-30,4658.0,-4.0,0.17323141720614615,0.0
2021-04-30,4658.0,-4.0,0.17323141720614615,0.0
2021-04-30,4658.0,-4.0,0.17323141720614615,0.0
2021-05-01,5990.0,-4.0,0.22517744325715622,0.0
2021-05-01,5990.0,-1.0,0.22517744325715622,0.00375
2021-05-01,5990.0,-2.0,0.22517744325715622,0.0025
2021-05-01,5990.0,-2.0,0.22517744325715622,0.0025
2021-05-01,5990.0,-1.0,0.22517744325715622,0.00375
2021-05-02,5882.0,-2.0,0.22096560330707432,0.0025
2021-05-02,5882.0,-4.0,0.22096560330707432,0.0
2021-05-02,5882.0,0.0,0.22096560330707432,0.005
2021-05-02,5882.0,0.0,0.22096560330707432,0.005
2021-05-03,4458.0,-3.0,0.1654317135948834,0.00125
2021-05-03,4458.0,-3.0,0.1654317135948834,0.00125
2021-05-03,4458.0,-1.0,0.1654317135948834,0.00375
2021-05-03,4458.0,0.0,0.1654317135948834,0.005
2021-05-03,4458.0,-4.0,0.1654317135948834,0.0
2021-05-04,4199.0,4.0,0.1553310974182981,0.01
2021-05-04,4199.0,-1.0,0.1553310974182981,0.00375
2021-05-04,4199.0,-4.0,0.1553310974182981,0.0
2021-05-04,4199.0,4.0,0.1553310974182981,0.01
2021-05-04,4199.0,3.0,0.1553310974182981,0.00875
2021-05-04,4199.0,-1.0,0.1553310974182981,0.00375
2021-05-05,4055.0,-3.0,0.1497153108181889,0.00125
2021-05-05,4055.0,2.0,0.1497153108181889,0.0075
2021-05-05,4055.0,0.0,0.1497153108181889,0.005
2021-05-05,4055.0,-2.0,0.1497153108181889,0.0025
2021-05-06,4352.0,-2.0,0.1612978706809141,0.0025
2021-05-06,4352.0,-1.0,0.1612978706809141,0.00375
2021-05-06,4352.0,2.0,0.1612978706809141,0.0075
2021-05-06,4352.0,4.0,0.1612978706809141,0.01
2021-05-06,4352.0,1.0,0.1612978706809141,0.00625
2021-05-06,4352.0,-2.0,0.1612978706809141,0.0025
2021-05-07,6032.0,-2.0,0.2268153810155214,0.0025
2021-05-07,6032.0,-2.0,0.2268153810155214,0.0025
2021-05-07,6032.0,-3.0,0.2268153810155214,0.00125
2021-05-07,6032.0,-3.0,0.2268153810155214,0.00125
2021-05-07,6032.0,0.0,0.2268153810155214,0.005
2021-05-07,6032.0,-3.0,0.2268153810155214,0.00125
2021-05-08,7239.0,-4.0,0.27388659230949225,0.0
2021-05-08,7239.0,-3.0,0.27388659230949225,0.00125
2021-05-08,7239.0,2.0,0.27388659230949225,0.0075
2021-05-08,7239.0,-1.0,0.27388659230949225,0.00375
2021-05-08,7239.0,-2.0,0.27388659230949225,0.0025
2021-05-09,6491.0,-1.0,0.24471570080336946,0.00375
2021-05-09,6491.0,-2.0,0.24471570080336946,0.0025
2021-05-09,6491.0,-3.0,0.24471570080336946,0.00125
2021-05-10,4925.0,-2.0,0.18364402152718196,0.0025
2021-05-10,4925.0,-4.0,0.18364402152718196,0.0
2021-05-10,4925.0,0.0,0.18364402152718196,0.005
2021-05-10,4925.0,1.0,0.18364402152718196,0.00625
2021-05-11,6237.0,3.0,0.23481007721706573,0.00875
2021-05-11,6237.0,-1.0,0.23481007721706573,0.00375
2021-05-11,6237.0,-1.0,0.23481007721706573,0.00375
2021-05-11,6237.0,-4.0,0.23481007721706573,0.0
2021-05-11,6237.0,0.0,0.23481007721706573,0.005
2021-05-11,6237.0,-2.0,0.23481007721706573,0.0025
2021-05-11,6237.0,-4.0,0.23481007721706573,0.0
2021-05-11,6237.0,-2.0,0.23481007721706573,0.0025
2021-05-12,7057.0,-2.0,0.2667888620232431,0.0025
2021-05-12,7057.0,-1.0,0.2667888620232431,0.00375
2021-05-12,7057.0,-1.0,0.2667888620232431,0.00375
2021-05-12,7057.0,2.0,0.2667888620232431,0.0075
2021-05-12,7057.0,0.0,0.2667888620232431,0.005
2021-05-13,6866.0,-3.0,0.25934014507448716,0.00125
2021-05-13,6866.0,-1.0,0.25934014507448716,0.00375
2021-05-13,6866.0,-1.0,0.25934014507448716,0.00375
2021-05-13,6866.0,2.0,0.25934014507448716,0.0075
2021-05-13,6866.0,2.0,0.25934014507448716,0.0075
2021-05-13,6866.0,-3.0,0.25934014507448716,0.00125
2021-05-13,6866.0,2.0,0.25934014507448716,0.0075
2021-05-13,6866.0,-2.0,0.25934014507448716,0.0025
2021-05-13,6866.0,3.0,0.25934014507448716,0.00875
2021-05-13,6866.0,-2.0,0.25934014507448716,0.0025
2021-05-14,6269.0,-4.0,0.23605802979486779,0.0
2021-05-14,6269.0,-3.0,0.23605802979486779,0.00125
2021-05-14,6269.0,-2.0,0.23605802979486779,0.0025
2021-05-14,6269.0,0.0,0.23605802979486779,0.005
2021-05-15,6420.0,-1.0,0.2419468060213712,0.00375
2021-05-15,6420.0,-3.0,0.2419468060213712,0.00125
2021-05-15,6420.0,-1.0,0.2419468060213712,0.00375
2021-05-16,5247.0,-4.0,0.19620154434131504,0.0
2021-05-16,5247.0,-2.0,0.19620154434131504,0.0025
2021-05-16,5247.0,-3.0,0.19620154434131504,0.00125
2021-05-17,3676.0,-2.0,0.13493487247484595,0.0025
2021-05-17,3676.0,-4.0,0.13493487247484595,0.0
2021-05-17,3676.0,2.0,0.13493487247484595,0.0075
2021-05-17,3676.0,-2.0,0.13493487247484595,0.0025
2021-05-18,5228.0,-3.0,0.19546057249824506,0.00125
2021-05-18,5228.0,3.0,0.19546057249824506,0.00875
2021-05-18,5228.0,2.0,0.19546057249824506,0.0075
2021-05-18,5228.0,-2.0,0.19546057249824506,0.0025
2021-05-19,5811.0,-1.0,0.21819670852507606,0.00375
2021-05-19,5811.0,2.0,0.21819670852507606,0.0075
2021-05-19,5811.0,-1.0,0.21819670852507606,0.00375
2021-05-20,5711.0,2.0,0.21429685671944465,0.0075
2021-05-20,5711.0,0.0,0.21429685671944465,0.005
2021-05-20,5711.0,0.0,0.21429685671944465,0.005
2021-05-20,5711.0,0.0,0.21429685671944465,0.005
2021-05-20,5711.0,-2.0,0.21429685671944465,0.0025
2021-05-21,5250.0,-3.0,0.19631853989548398,0.00125
2021-05-21,5250.0,-3.0,0.19631853989548398,0.00125
2021-05-21,5250.0,-2.0,0.19631853989548398,0.0025
2021-05-21,5250.0,1.0,0.19631853989548398,0.00625
2021-05-21,5250.0,2.0,0.19631853989548398,0.0075
2021-05-21,5250.0,0.0,0.19631853989548398,0.005
2021-05-22,5034.0,-4.0,0.18789485999532018,0.0
2021-05-22,5034.0,-2.0,0.18789485999532018,0.0025
2021-05-22,5034.0,0.0,0.18789485999532018,0.005
2021-05-23,4035.0,-3.0,0.14893534045706264,0.00125
2021-05-23,4035.0,-3.0,0.14893534045706264,0.00125
2021-05-23,4035.0,-3.0,0.14893534045706264,0.00125
2021-05-24,2711.0,2.0,0.09730130255050308,0.0075
2021-05-24,2711.0,2.0,0.09730130255050308,0.0075
2021-05-24,2711.0,2.0,0.09730130255050308,0.0075
2021-05-24,2711.0,-2.0,0.09730130255050308,0.0025
2021-05-25,3896.0,2.0,0.143514546447235,0.0075
2021-05-25,3896.0,-3.0,0.143514546447235,0.00125
2021-05-25,3896.0,4.0,0.143514546447235,0.01
2021-05-25,3896.0,3.0,0.143514546447235,0.00875
2021-05-25,3896.0,1.0,0.143514546447235,0.00625
2021-05-25,3896.0,3.0,0.143514546447235,0.00875
2021-05-25,3896.0,-4.0,0.143514546447235,0.0
2021-05-25,3896.0,1.0,0.143514546447235,0.00625
2021-05-26,4526.0,0.0,0.16808361282271272,0.005
2021-05-26,4526.0,4.0,0.16808361282271272,0.01
2021-05-26,4526.0,0.0,0.16808361282271272,0.005
2021-05-27,4131.0,-2.0,0.15267919819046877,0.0025
2021-05-27,4131.0,-1.0,0.15267919819046877,0.00375
2021-05-27,4131.0,2.0,0.15267919819046877,0.0075
2021-05-27,4131.0,2.0,0.15267919819046877,0.0075
2021-05-27,4131.0,0.0,0.15267919819046877,0.005
2021-05-28,3706.0,-1.0,0.13610482801653537,0.00375
2021-05-28,3706.0,-1.0,0.13610482801653537,0.00375
2021-05-28,3706.0,2.0,0.13610482801653537,0.0075
2021-05-28,3706.0,-2.0,0.13610482801653537,0.0025
2021-05-28,3706.0,2.0,0.13610482801653537,0.0075
2021-05-29,3587.0,-1.0,0.131464004367834,0.00375
2021-05-29,3587.0,-1.0,0.131464004367834,0.00375
2021-05-29,3587.0,-2.0,0.131464004367834,0.0025
2021-05-29,3587.0,-3.0,0.131464004367834,0.00125
2021-05-30,2876.0,-4.0,0.10373605802979487,0.0
2021-05-30,2876.0,-3.0,0.10373605802979487,0.00125
2021-05-30,2876.0,2.0,0.10373605802979487,0.0075
2021-05-30,2876.0,-4.0,0.10373605802979487,0.0
2021-05-31,1786.0,4.0,0.06122767334841275,0.01
2021-05-31,1786.0,-2.0,0.06122767334841275,0.0025
2021-05-31,1786.0,1.0,0.06122767334841275,0.00625
2021-06-01,2640.0,2.0,0.0945324077685048,0.0075
2021-06-01,2640.0,-3.0,0.0945324077685048,0.00125
2021-06-01,2640.0,4.0,0.0945324077685048,0.01
2021-06-01,2640.0,3.0,0.0945324077685048,0.00875
2021-06-01,2640.0,0.0,0.0945324077685048,0.005
2021-06-01,2640.0,-1.0,0.0945324077685048,0.00375
2021-06-02,3031.0,0.0,0.10978082832852351,0.005
2021-06-02,3031.0,1.0,0.10978082832852351,0.00625
2021-06-02,3031.0,3.0,0.10978082832852351,0.00875
2021-06-02,3031.0,3.0,0.10978082832852351,0.00875
2021-06-02,3031.0,4.0,0.10978082832852351,0.01
2021-06-02,3031.0,3.0,0.10978082832852351,0.00875
2021-06-02,3031.0,-2.0,0.10978082832852351,0.0025
2021-06-02,3031.0,3.0,0.10978082832852351,0.00875
2021-06-02,3031.0,4.0,0.10978082832852351,0.01
2021-06-02,3031.0,-3.0,0.10978082832852351,0.00125
2021-06-02,3031.0,4.0,0.10978082832852351,0.01
2021-06-03,2825.0,-3.0,0.10174713360892286,0.00125
2021-06-03,2825.0,-1.0,0.10174713360892286,0.00375
2021-06-03,2825.0,0.0,0.10174713360892286,0.005
2021-06-03,2825.0,-3.0,0.10174713360892286,0.00125
2021-06-04,2586.0,1.0,0.09242648779346385,0.00625
2021-06-04,2586.0,-4.0,0.09242648779346385,0.0
2021-06-05,2648.0,-2.0,0.0948443959129553,0.0025
2021-06-05,2648.0,-3.0,0.0948443959129553,0.00125
2021-06-06,2017.0,0.0,0.07023633101942126,0.005
2021-06-06,2017.0,-1.0,0.07023633101942126,0.00375
2021-06-06,2017.0,3.0,0.07023633101942126,0.00875
2021-06-07,1276.0,-1.0,0.04133842913969269,0.00375
2021-06-07,1276.0,2.0,0.04133842913969269,0.0075
2021-06-07,1276.0,2.0,0.04133842913969269,0.0075
2021-06-07,1276.0,0.0,0.04133842913969269,0.005
2021-06-08,1883.0,0.0,0.0650105295998752,0.005
2021-06-08,1883.0,4.0,0.0650105295998752,0.01
2021-06-08,1883.0,-2.0,0.0650105295998752,0.0025
2021-06-09,2224.0,1.0,0.07830902425707822,0.00625
2021-06-09,2224.0,3.0,0.07830902425707822,0.00875
2021-06-09,2224.0,4.0,0.07830902425707822,0.01
2021-06-09,2224.0,3.0,0.07830902425707822,0.00875
2021-06-09,2224.0,4.0,0.07830902425707822,0.01
2021-06-09,2224.0,-4.0,0.07830902425707822,0.0
2021-06-10,2044.0,-1.0,0.07128929100694173,0.00375
2021-06-10,2044.0,-1.0,0.07128929100694173,0.00375
2021-06-10,2044.0,-4.0,0.07128929100694173,0.0
2021-06-10,2044.0,-4.0,0.07128929100694173,0.0
2021-06-10,2044.0,-4.0,0.07128929100694173,0.0
2021-06-10,2044.0,-1.0,0.07128929100694173,0.00375
2021-06-10,2044.0,-1.0,0.07128929100694173,0.00375
2021-06-11,1934.0,-4.0,0.06699945402074721,0.0
2021-06-11,1934.0,-2.0,0.06699945402074721,0.0025
2021-06-11,1934.0,-2.0,0.06699945402074721,0.0025
2021-06-11,1934.0,-2.0,0.06699945402074721,0.0025
2021-06-11,1934.0,-4.0,0.06699945402074721,0.0
2021-06-12,1941.0,-3.0,0.06727244364714141,0.00125
2021-06-12,1941.0,-1.0,0.06727244364714141,0.00375
2021-06-13,1384.0,-4.0,0.04555026908977459,0.0
2021-06-13,1384.0,-4.0,0.04555026908977459,0.0
2021-06-13,1384.0,-2.0,0.04555026908977459,0.0025
2021-06-14,930.0,0.0,0.027844941892208097,0.005
2021-06-14,930.0,0.0,0.027844941892208097,0.005
2021-06-14,930.0,-4.0,0.027844941892208097,0.0
2021-06-15,1418.0,-2.0,0.04687621870368926,0.0025
2021-06-15,1418.0,-1.0,0.04687621870368926,0.00375
2021-06-15,1418.0,-1.0,0.04687621870368926,0.00375
2021-06-16,1697.0,-4.0,0.057756805241400824,0.0
2021-06-16,1697.0,-1.0,0.057756805241400824,0.00375
2021-06-17,1550.0,-1.0,0.05202402308712269,0.00375
2021-06-17,1550.0,0.0,0.05202402308712269,0.005
2021-06-18,1619.0,0.0,0.05471492083300834,0.005
2021-06-18,1619.0,0.0,0.05471492083300834,0.005
2021-06-18,1619.0,0.0,0.05471492083300834,0.005
2021-06-19,1509.0,-1.0,0.05042508384681382,0.00375
2021-06-19,1509.0,-2.0,0.05042508384681382,0.0025
2021-06-19,1509.0,-1.0,0.05042508384681382,0.00375
2021-06-20,1304.0,-3.0,0.04243038764526948,0.00125
2021-06-20,1304.0,-2.0,0.04243038764526948,0.0025
2021-06-21,864.0,-4.0,0.025271039700491382,0.0
2021-06-21,864.0,-2.0,0.025271039700491382,0.0025
2021-06-21,864.0,0.0,0.025271039700491382,0.005
2021-06-22,1432.0,-3.0,0.04742219795647765,0.00125
2021-06-22,1432.0,-1.0,0.04742219795647765,0.00375
2021-06-22,1432.0,0.0,0.04742219795647765,0.005
2021-06-22,1432.0,0.0,0.04742219795647765,0.005
2021-06-22,1432.0,-4.0,0.04742219795647765,0.0
2021-06-22,1432.0,-4.0,0.04742219795647765,0.0
2021-06-23,1775.0,-1.0,0.060798689649793305,0.00375
2021-06-23,1775.0,-2.0,0.060798689649793305,0.0025
2021-06-24,1669.0,-2.0,0.05666484673582403,0.0025
2021-06-24,1669.0,-2.0,0.05666484673582403,0.0025
2021-06-24,1669.0,0.0,0.05666484673582403,0.005
2021-06-24,1669.0,-3.0,0.05666484673582403,0.00125
2021-06-24,1669.0,-4.0,0.05666484673582403,0.0
2021-06-24,1669.0,-2.0,0.05666484673582403,0.0025
2021-06-24,1669.0,0.0,0.05666484673582403,0.005
2021-06-25,1705.0,-3.0,0.05806879338585133,0.00125
2021-06-25,1705.0,-4.0,0.05806879338585133,0.0
2021-06-26,1619.0,-1.0,0.05471492083300834,0.00375
2021-06-26,1619.0,-3.0,0.05471492083300834,0.00125
2021-06-26,1619.0,0.0,0.05471492083300834,0.005
2021-06-27,1280.0,-3.0,0.041494423211917944,0.00125
2021-06-27,1280.0,-2.0,0.041494423211917944,0.0025
2021-06-27,1280.0,0.0,0.041494423211917944,0.005
2021-06-28,989.0,0.0,0.03014585445753061,0.005
2021-06-28,989.0,-1.0,0.03014585445753061,0.00375
2021-06-28,989.0,-3.0,0.03014585445753061,0.00125
2021-06-28,989.0,-3.0,0.03014585445753061,0.00125
2021-06-28,989.0,-3.0,0.03014585445753061,0.00125
2021-06-28,989.0,-2.0,0.03014585445753061,0.0025
2021-06-28,989.0,-1.0,0.03014585445753061,0.00375
2021-06-29,1376.0,0.0,0.045238280945324075,0.005
2021-06-29,1376.0,-3.0,0.045238280945324075,0.00125
2021-06-30,1810.0,-3.0,0.062163637781764286,0.00125
2021-06-30,1810.0,-3.0,0.062163637781764286,0.00125
2021-06-30,1810.0,-4.0,0.062163637781764286,0.0
2021-06-30,1810.0,0.0,0.062163637781764286,0.005
2021-06-30,1810.0,3.0,0.062163637781764286,0.00875
2021-06-30,1810.0,-3.0,0.062163637781764286,0.00125
2021-07-01,1741.0,0.0,0.05947274003587863,0.005
2021-07-01,1741.0,0.0,0.05947274003587863,0.005
2021-07-01,1741.0,-3.0,0.05947274003587863,0.00125
2021-07-02,1773.0,-1.0,0.06072069261368068,0.00375
2021-07-02,1773.0,0.0,0.06072069261368068,0.005
2021-07-02,1773.0,0.0,0.06072069261368068,0.005
2021-07-02,1773.0,-4.0,0.06072069261368068,0.0
2021-07-03,1864.0,-3.0,0.06426955775680523,0.00125
2021-07-03,1864.0,-4.0,0.06426955775680523,0.0
2021-07-03,1864.0,0.0,0.06426955775680523,0.005
2021-07-04,1479.0,-3.0,0.04925512830512441,0.00125
2021-07-04,1479.0,-3.0,0.04925512830512441,0.00125
2021-07-04,1479.0,-3.0,0.04925512830512441,0.00125
2021-07-05,1021.0,-2.0,0.031393807035332656,0.0025
2021-07-05,1021.0,-1.0,0.031393807035332656,0.00375
2021-07-06,1658.0,-2.0,0.056235863037204584,0.0025
2021-07-06,1658.0,-1.0,0.056235863037204584,0.00375
2021-07-07,2181.0,-1.0,0.07663208798065674,0.00375
2021-07-07,2181.0,-4.0,0.07663208798065674,0.0
2021-07-07,2181.0,-1.0,0.07663208798065674,0.00375
2021-07-07,2181.0,4.0,0.07663208798065674,0.01
2021-07-07,2181.0,-3.0,0.07663208798065674,0.00125
2021-07-07,2181.0,-1.0,0.07663208798065674,0.00375
2021-07-07,2181.0,-1.0,0.07663208798065674,0.00375
2021-07-08,2239.0,0.0,0.07889400202792293,0.005
2021-07-08,2239.0,-2.0,0.07889400202792293,0.0025
2021-07-08,2239.0,-4.0,0.07889400202792293,0.0
2021-07-08,2239.0,-4.0,0.07889400202792293,0.0
2021-07-08,2239.0,1.0,0.07889400202792293,0.00625
2021-07-08,2239.0,-4.0,0.07889400202792293,0.0
2021-07-09,2259.0,-3.0,0.07967397238904922,0.00125
2021-07-09,2259.0,-4.0,0.07967397238904922,0.0
2021-07-10,2452.0,-3.0,0.08720068637391779,0.00125
2021-07-10,2452.0,0.0,0.08720068637391779,0.005
2021-07-10,2452.0,-4.0,0.08720068637391779,0.0
2021-07-10,2452.0,-4.0,0.08720068637391779,0.0
2021-07-11,2021.0,-4.0,0.07039232509164652,0.0
2021-07-11,2021.0,-3.0,0.07039232509164652,0.00125
2021-07-12,1491.0,-4.0,0.04972311052180017,0.0
2021-07-12,1491.0,-1.0,0.04972311052180017,0.00375
2021-07-13,2377.0,-2.0,0.08427579751969425,0.0025
2021-07-13,2377.0,-2.0,0.08427579751969425,0.0025
2021-07-13,2377.0,0.0,0.08427579751969425,0.005
2021-07-13,2377.0,-3.0,0.08427579751969425,0.00125
2021-07-14,3170.0,-2.0,0.11520162233835114,0.0025
2021-07-14,3170.0,-1.0,0.11520162233835114,0.00375
2021-07-14,3170.0,-4.0,0.11520162233835114,0.0
2021-07-14,3170.0,-3.0,0.11520162233835114,0.00125
2021-07-15,3408.0,-3.0,0.12448326963575385,0.00125
2021-07-15,3408.0,-3.0,0.12448326963575385,0.00125
2021-07-15,3408.0,-3.0,0.12448326963575385,0.00125
2021-07-16,3419.0,0.0,0.12491225333437328,0.005
2021-07-16,3419.0,-3.0,0.12491225333437328,0.00125
2021-07-16,3419.0,-1.0,0.12491225333437328,0.00375
2021-07-17,3871.0,-4.0,0.14253958349582715,0.0
2021-07-17,3871.0,-2.0,0.14253958349582715,0.0025
2021-07-17,3871.0,-1.0,0.14253958349582715,0.00375
2021-07-17,3871.0,-1.0,0.14253958349582715,0.00375
2021-07-17,3871.0,-3.0,0.14253958349582715,0.00125
2021-07-17,3871.0,-4.0,0.14253958349582715,0.0
2021-07-17,3871.0,-2.0,0.14253958349582715,0.0025
2021-07-18,3093.0,-1.0,0.11219873644801497,0.00375
2021-07-18,3093.0,-4.0,0.11219873644801497,0.0
2021-07-19,2318.0,-2.0,0.08197488495437173,0.0025
2021-07-19,2318.0,-2.0,0.08197488495437173,0.0025
2021-07-19,2318.0,-1.0,0.08197488495437173,0.00375
2021-07-19,2318.0,-1.0,0.08197488495437173,0.00375
2021-07-19,2318.0,-3.0,0.08197488495437173,0.00125
2021-07-19,2318.0,-1.0,0.08197488495437173,0.00375
2021-07-20,3743.0,-1.0,0.13754777318461897,0.00375
2021-07-20,3743.0,-3.0,0.13754777318461897,0.00125
2021-07-20,3743.0,-2.0,0.13754777318461897,0.0025
2021-07-21,4933.0,0.0,0.18395600967163248,0.005
2021-07-21,4933.0,-3.0,0.18395600967163248,0.00125
2021-07-22,5386.0,-2.0,0.20162233835114265,0.0025
2021-07-22,5386.0,0.0,0.20162233835114265,0.005
2021-07-22,5386.0,0.0,0.20162233835114265,0.005
2021-07-22,5386.0,0.0,0.20162233835114265,0.005
2021-07-22,5386.0,-2.0,0.20162233835114265,0.0025
2021-07-23,4204.0,-3.0,0.15552609000857967,0.00125
2021-07-23,4204.0,-3.0,0.15552609000857967,0.00125
2021-07-24,3576.0,3.0,0.13103502066921457,0.00875
2021-07-24,3576.0,-1.0,0.13103502066921457,0.00375
2021-07-25,5008.0,0.0,0.18688089852585602,0.005
2021-07-25,5008.0,-4.0,0.18688089852585602,0.0
2021-07-26,4659.0,-4.0,0.1732704157242025,0.0
2021-07-26,4659.0,-4.0,0.1732704157242025,0.0
2021-07-26,4659.0,-1.0,0.1732704157242025,0.00375
2021-07-26,4659.0,-4.0,0.1732704157242025,0.0
2021-07-26,4659.0,-2.0,0.1732704157242025,0.0025
2021-07-27,7619.0,-2.0,0.2887060291708915,0.0025
2021-07-27,7619.0,-3.0,0.2887060291708915,0.00125
2021-07-28,9568.0,-2.0,0.3647141408626472,0.0025
2021-07-28,9568.0,-3.0,0.3647141408626472,0.00125
2021-07-28,9568.0,0.0,0.3647141408626472,0.005
2021-07-28,9568.0,0.0,0.3647141408626472,0.005
2021-07-28,9568.0,-4.0,0.3647141408626472,0.0
2021-07-29,10687.0,-3.0,0.4083534825676624,0.00125
2021-07-29,10687.0,-2.0,0.4083534825676624,0.0025
2021-07-30,10728.0,-2.0,0.4099524218079713,0.0025
2021-07-30,10728.0,0.0,0.4099524218079713,0.005
2021-07-30,10728.0,-2.0,0.4099524218079713,0.0025
2021-07-30,10728.0,-1.0,0.4099524218079713,0.00375
2021-07-30,10728.0,-1.0,0.4099524218079713,0.00375
2021-07-30,10728.0,-1.0,0.4099524218079713,0.00375
2021-07-30,10728.0,-1.0,0.4099524218079713,0.00375
2021-07-30,10728.0,-2.0,0.4099524218079713,0.0025
2021-07-31,12328.0,-2.0,0.47235005069807345,0.0025
2021-07-31,12328.0,-1.0,0.47235005069807345,0.00375
2021-07-31,12328.0,-4.0,0.47235005069807345,0.0
2021-08-01,10160.0,-4.0,0.387801263551985,0.0
2021-08-01,10160.0,-1.0,0.387801263551985,0.00375
2021-08-02,8324.0,-3.0,0.31619998440059277,0.00125
2021-08-02,8324.0,0.0,0.31619998440059277,0.005
2021-08-03,12061.0,-4.0,0.46193744637703765,0.0
2021-08-03,12061.0,-4.0,0.46193744637703765,0.0
2021-08-03,12061.0,-1.0,0.46193744637703765,0.00375
2021-08-03,12061.0,-1.0,0.46193744637703765,0.00375
2021-08-03,12061.0,-2.0,0.46193744637703765,0.0025
2021-08-03,12061.0,0.0,0.46193744637703765,0.005
2021-08-04,14204.0,0.0,0.5455112705717182,0.005
2021-08-04,14204.0,-3.0,0.5455112705717182,0.00125
2021-08-04,14204.0,-4.0,0.5455112705717182,0.0
2021-08-04,14204.0,-3.0,0.5455112705717182,0.00125
2021-08-05,15247.0,-1.0,0.5861867249044537,0.00375
2021-08-05,15247.0,0.0,0.5861867249044537,0.005
2021-08-05,15247.0,-2.0,0.5861867249044537,0.0025
2021-08-05,15247.0,-1.0,0.5861867249044537,0.00375
2021-08-05,15247.0,0.0,0.5861867249044537,0.005
2021-08-05,15247.0,0.0,0.5861867249044537,0.005
2021-08-06,15624.0,-4.0,0.600889166211684,0.0
2021-08-06,15624.0,-2.0,0.600889166211684,0.0025
2021-08-06,15624.0,-4.0,0.600889166211684,0.0
2021-08-07,15740.0,-3.0,0.6054129943062163,0.00125
2021-08-07,15740.0,-1.0,0.6054129943062163,0.00375
2021-08-08,14457.0,-4.0,0.5553778956399656,0.0
2021-08-08,14457.0,-4.0,0.5553778956399656,0.0
2021-08-09,12053.0,-2.0,0.46162545823258716,0.0025
2021-08-09,12053.0,-3.0,0.46162545823258716,0.00125
2021-08-09,12053.0,-2.0,0.46162545823258716,0.0025
2021-08-10,10566.0,-4.0,0.40363466188284847,0.0
2021-08-10,10566.0,-2.0,0.40363466188284847,0.0025
2021-08-11,15769.0,0.0,0.6065439513298495,0.005
2021-08-11,15769.0,-4.0,0.6065439513298495,0.0
2021-08-11,15769.0,-4.0,0.6065439513298495,0.0
2021-08-12,18893.0,0.0,0.728375321737774,0.005
2021-08-12,18893.0,-3.0,0.728375321737774,0.00125
2021-08-12,18893.0,-2.0,0.728375321737774,0.0025
2021-08-12,18893.0,-2.0,0.728375321737774,0.0025
2021-08-12,18893.0,-2.0,0.728375321737774,0.0025
2021-08-13,20357.0,-3.0,0.7854691521722175,0.00125
2021-08-13,20357.0,-4.0,0.7854691521722175,0.0
2021-08-13,20357.0,-4.0,0.7854691521722175,0.0
2021-08-13,20357.0,-1.0,0.7854691521722175,0.00375
2021-08-14,20132.0,-1.0,0.7766944856095468,0.00375
2021-08-14,20132.0,0.0,0.7766944856095468,0.005
2021-08-14,20132.0,-3.0,0.7766944856095468,0.00125
2021-08-15,17826.0,-4.0,0.6867639029716871,0.0
2021-08-15,17826.0,-1.0,0.6867639029716871,0.00375
2021-08-16,14826.0,-1.0,0.5697683488027455,0.00375
2021-08-16,14826.0,-1.0,0.5697683488027455,0.00375
2021-08-16,14826.0,-3.0,0.5697683488027455,0.00125
2021-08-16,14826.0,-4.0,0.5697683488027455,0.0
2021-08-16,14826.0,-3.0,0.5697683488027455,0.00125
2021-08-16,14826.0,-3.0,0.5697683488027455,0.00125
2021-08-16,14826.0,-4.0,0.5697683488027455,0.0
2021-08-17,19948.0,-2.0,0.7695187582871851,0.0025
2021-08-17,19948.0,-2.0,0.7695187582871851,0.0025
2021-08-17,19948.0,0.0,0.7695187582871851,0.005
2021-08-17,19948.0,4.0,0.7695187582871851,0.01
2021-08-17,19948.0,-1.0,0.7695187582871851,0.00375
2021-08-18,23909.0,0.0,0.9239918883082443,0.005
2021-08-18,23909.0,-3.0,0.9239918883082443,0.00125
2021-08-18,23909.0,-2.0,0.9239918883082443,0.0025
2021-08-18,23909.0,-1.0,0.9239918883082443,0.00375
2021-08-18,23909.0,-3.0,0.9239918883082443,0.00125
2021-08-18,23909.0,-2.0,0.9239918883082443,0.0025
2021-08-18,23909.0,-4.0,0.9239918883082443,0.0
2021-08-19,25144.0,-1.0,0.9721550581077919,0.00375
2021-08-19,25144.0,-3.0,0.9721550581077919,0.00125
2021-08-19,25144.0,-1.0,0.9721550581077919,0.00375
2021-08-19,25144.0,0.0,0.9721550581077919,0.005
2021-08-19,25144.0,-3.0,0.9721550581077919,0.00125
2021-08-19,25144.0,-2.0,0.9721550581077919,0.0025
2021-08-20,25858.0,-2.0,1.0,0.0025
2021-08-20,25858.0,0.0,1.0,0.005
2021-08-20,25858.0,0.0,1.0,0.005
2021-08-20,25858.0,-3.0,1.0,0.00125
2021-08-20,25858.0,-1.0,1.0,0.00375
2021-08-20,25858.0,-1.0,1.0,0.00375
2021-08-21,25461.0,-2.0,0.9845175883316434,0.0025
2021-08-21,25461.0,-2.0,0.9845175883316434,0.0025
